year,lgID,tmID,franchID,name,target_points,target_points_per_game,target_stored_rank,inseason_change_proxy,prev_G,prev_W,prev_Pts,prev_points_per_game,prev_goal_diff_per_game,prev_goals_for_per_game,prev_goals_against_per_game,feature_year,target_points_rank_tied
1917,NHL,MTL,MTL,Montreal Canadiens,26,1.1818181818181819,1,0,,,,,,,,,1.0
1917,NHL,MTW,MTW,Montreal Wanderers,2,0.3333333333333333,4,0,,,,,,,,,4.0
1917,NHL,OTS,STE,Ottawa Senators,18,0.8181818181818182,3,0,,,,,,,,,3.0
1917,NHL,TOA,TOR,Toronto Arenas,26,1.1818181818181819,1,0,,,,,,,,,1.0
1918,NHL,MTL,MTL,Montreal Canadiens,20,1.1111111111111112,2,0,22.0,13.0,26.0,1.1818181818181819,1.4090909090909092,5.2272727272727275,3.8181818181818183,1917.0,2.0
1918,NHL,OTS,STE,Ottawa Senators,24,1.3333333333333333,1,0,22.0,9.0,18.0,0.8181818181818182,-0.5454545454545454,4.636363636363637,5.181818181818182,1917.0,1.0
1918,NHL,TOA,TOR,Toronto Arenas,10,0.5555555555555556,3,0,22.0,13.0,26.0,1.1818181818181819,-0.045454545454545456,4.909090909090909,4.954545454545454,1917.0,3.0
1919,NHL,MTL,MTL,Montreal Canadiens,26,1.0833333333333333,2,0,18.0,10.0,20.0,1.1111111111111112,0.5555555555555556,4.888888888888889,4.333333333333333,1918.0,2.0
1919,NHL,OTS,STE,Ottawa Senators,38,1.5833333333333333,1,0,18.0,12.0,24.0,1.3333333333333333,1.0,3.9444444444444446,2.9444444444444446,1918.0,1.0
1919,NHL,QUB,BKN,Quebec Bulldogs,8,0.3333333333333333,4,0,,,,,,,,,4.0
1919,NHL,TRS,TOR,Toronto St. Patricks,24,1.0,3,1,18.0,5.0,10.0,0.5555555555555556,-1.5555555555555556,3.5555555555555554,5.111111111111111,1918.0,3.0
1920,NHL,HAM,BKN,Hamilton Tigers,12,0.5,4,0,24.0,4.0,8.0,0.3333333333333333,-3.5833333333333335,3.7916666666666665,7.375,1919.0,4.0
1920,NHL,MTL,MTL,Montreal Canadiens,26,1.0833333333333333,3,0,24.0,13.0,26.0,1.0833333333333333,0.6666666666666666,5.375,4.708333333333333,1919.0,3.0
1920,NHL,OTS,STE,Ottawa Senators,28,1.1666666666666667,2,0,24.0,19.0,38.0,1.5833333333333333,2.375,5.041666666666667,2.6666666666666665,1919.0,2.0
1920,NHL,TRS,TOR,Toronto St. Patricks,30,1.25,1,0,24.0,12.0,24.0,1.0,0.5416666666666666,4.958333333333333,4.416666666666667,1919.0,1.0
1921,NHL,HAM,BKN,Hamilton Tigers,14,0.5833333333333334,4,0,24.0,6.0,12.0,0.5,-1.6666666666666667,3.8333333333333335,5.5,1920.0,4.0
1921,NHL,MTL,MTL,Montreal Canadiens,25,1.0416666666666667,3,1,24.0,13.0,26.0,1.0833333333333333,0.5416666666666666,4.666666666666667,4.125,1920.0,3.0
1921,NHL,OTS,STE,Ottawa Senators,30,1.25,1,0,24.0,14.0,28.0,1.1666666666666667,0.9166666666666666,4.041666666666667,3.125,1920.0,1.0
1921,NHL,TRS,TOR,Toronto St. Patricks,27,1.125,2,0,24.0,15.0,30.0,1.25,0.20833333333333334,4.375,4.166666666666667,1920.0,2.0
1922,NHL,HAM,BKN,Hamilton Tigers,12,0.5,4,0,24.0,7.0,14.0,0.5833333333333334,-0.7083333333333334,3.6666666666666665,4.375,1921.0,4.0
1922,NHL,MTL,MTL,Montreal Canadiens,28,1.1666666666666667,2,0,24.0,12.0,25.0,1.0416666666666667,-0.25,3.6666666666666665,3.9166666666666665,1921.0,2.0
1922,NHL,OTS,STE,Ottawa Senators,29,1.2083333333333333,1,0,24.0,14.0,30.0,1.25,0.9166666666666666,4.416666666666667,3.5,1921.0,1.0
1922,NHL,TRS,TOR,Toronto St. Patricks,27,1.125,3,1,24.0,13.0,27.0,1.125,0.041666666666666664,4.083333333333333,4.041666666666667,1921.0,3.0
1923,NHL,HAM,BKN,Hamilton Tigers,18,0.75,4,1,24.0,6.0,12.0,0.5,-1.2083333333333333,3.375,4.583333333333333,1922.0,4.0
1923,NHL,MTL,MTL,Montreal Canadiens,26,1.0833333333333333,2,0,24.0,13.0,28.0,1.1666666666666667,0.5,3.0416666666666665,2.5416666666666665,1922.0,2.0
1923,NHL,OTS,STE,Ottawa Senators,32,1.3333333333333333,1,0,24.0,14.0,29.0,1.2083333333333333,0.9583333333333334,3.2083333333333335,2.25,1922.0,1.0
1923,NHL,TRS,TOR,Toronto St. Patricks,20,0.8333333333333334,3,0,24.0,13.0,27.0,1.125,-0.25,3.4166666666666665,3.6666666666666665,1922.0,3.0
1924,NHL,BOS,BOS,Boston Bruins,12,0.4,6,0,,,,,,,,,6.0
1924,NHL,HAM,BKN,Hamilton Tigers,39,1.3,1,0,24.0,9.0,18.0,0.75,-0.20833333333333334,2.625,2.8333333333333335,1923.0,1.0
1924,NHL,MTL,MTL,Montreal Canadiens,36,1.2,3,0,24.0,13.0,26.0,1.0833333333333333,0.4583333333333333,2.4583333333333335,2.0,1923.0,3.0
1924,NHL,MTM,MTM,Montreal Maroons,20,0.6666666666666666,5,0,,,,,,,,,5.0
1924,NHL,OTS,STE,Ottawa Senators,35,1.1666666666666667,4,0,24.0,16.0,32.0,1.3333333333333333,0.8333333333333334,3.0833333333333335,2.25,1923.0,4.0
1924,NHL,TRS,TOR,Toronto St. Patricks,38,1.2666666666666666,2,0,24.0,10.0,20.0,0.8333333333333334,-1.0833333333333333,2.4583333333333335,3.5416666666666665,1923.0,2.0
1925,NHL,BOS,BOS,Boston Bruins,38,1.0555555555555556,4,0,30.0,6.0,12.0,0.4,-2.3333333333333335,1.6333333333333333,3.966666666666667,1924.0,4.0
1925,NHL,MTL,MTL,Montreal Canadiens,23,0.6388888888888888,7,0,30.0,17.0,36.0,1.2,1.2333333333333334,3.1,1.8666666666666667,1924.0,7.0
1925,NHL,MTM,MTM,Montreal Maroons,45,1.25,2,0,30.0,9.0,20.0,0.6666666666666666,-0.6666666666666666,1.5,2.1666666666666665,1924.0,2.0
1925,NHL,NYA,BKN,New York Americans,28,0.7777777777777778,5,0,30.0,19.0,39.0,1.3,1.0,3.0,2.0,1924.0,5.0
1925,NHL,OTS,STE,Ottawa Senators,52,1.4444444444444444,1,0,30.0,17.0,35.0,1.1666666666666667,0.5666666666666667,2.7666666666666666,2.2,1924.0,1.0
1925,NHL,PIP,PHQ,Pittsburgh Pirates,39,1.0833333333333333,3,0,,,,,,,,,3.0
1925,NHL,TRS,TOR,Toronto St. Patricks,27,0.75,6,0,30.0,19.0,38.0,1.2666666666666666,0.2,3.0,2.8,1924.0,6.0
1926,NHL,BOS,BOS,Boston Bruins,45,1.0227272727272727,2,0,36.0,17.0,38.0,1.0555555555555556,0.19444444444444445,2.5555555555555554,2.361111111111111,1925.0,4.0
1926,NHL,CHI,CHI,Chicago Black Hawks,41,0.9318181818181818,3,0,,,,,,,,,6.0
1926,NHL,DTC,DET,Detroit Cougars,28,0.6363636363636364,5,1,,,,,,,,,10.0
1926,NHL,MTL,MTL,Montreal Canadiens,58,1.3181818181818181,2,0,36.0,11.0,23.0,0.6388888888888888,-0.8055555555555556,2.1944444444444446,3.0,1925.0,2.0
1926,NHL,MTM,MTM,Montreal Maroons,44,1.0,3,0,36.0,20.0,45.0,1.25,0.5,2.5277777777777777,2.0277777777777777,1925.0,5.0
1926,NHL,NYA,BKN,New York Americans,36,0.8181818181818182,4,0,36.0,12.0,28.0,0.7777777777777778,-0.5833333333333334,1.8888888888888888,2.4722222222222223,1925.0,7.0
1926,NHL,NYR,NYR,New York Rangers,56,1.2727272727272727,1,0,,,,,,,,,3.0
1926,NHL,OTS,STE,Ottawa Senators,64,1.4545454545454546,1,0,36.0,24.0,52.0,1.4444444444444444,0.9722222222222222,2.138888888888889,1.1666666666666667,1925.0,1.0
1926,NHL,PIP,PHQ,Pittsburgh Pirates,33,0.75,4,0,36.0,19.0,39.0,1.0833333333333333,0.3333333333333333,2.2777777777777777,1.9444444444444444,1925.0,9.0
1926,NHL,TRS,TOR,Toronto St. Patricks,35,0.7954545454545454,5,1,36.0,12.0,27.0,0.75,-0.6111111111111112,2.5555555555555554,3.1666666666666665,1925.0,8.0
1927,NHL,BOS,BOS,Boston Bruins,51,1.1590909090909092,1,0,44.0,21.0,45.0,1.0227272727272727,0.18181818181818182,2.2045454545454546,2.022727272727273,1926.0,3.0
1927,NHL,CHI,CHI,Chicago Black Hawks,17,0.38636363636363635,5,1,44.0,19.0,41.0,0.9318181818181818,-0.022727272727272728,2.6136363636363638,2.6363636363636362,1926.0,10.0
1927,NHL,DTC,DET,Detroit Cougars,44,1.0,4,0,44.0,12.0,28.0,0.6363636363636364,-0.6590909090909091,1.7272727272727273,2.3863636363636362,1926.0,7.0
1927,NHL,MTL,MTL,Montreal Canadiens,59,1.3409090909090908,1,0,44.0,28.0,58.0,1.3181818181818181,0.7272727272727273,2.25,1.5227272727272727,1926.0,1.0
1927,NHL,MTM,MTM,Montreal Maroons,54,1.2272727272727273,2,0,44.0,20.0,44.0,1.0,0.06818181818181818,1.6136363636363635,1.5454545454545454,1926.0,2.0
1927,NHL,NYA,BKN,New York Americans,28,0.6363636363636364,5,0,44.0,17.0,36.0,0.8181818181818182,-0.20454545454545456,1.8636363636363635,2.0681818181818183,1926.0,9.0
1927,NHL,NYR,NYR,New York Rangers,47,1.0681818181818181,2,0,44.0,25.0,56.0,1.2727272727272727,0.5227272727272727,2.159090909090909,1.6363636363636365,1926.0,5.0
1927,NHL,OTS,STE,Ottawa Senators,50,1.1363636363636365,3,0,44.0,30.0,64.0,1.4545454545454546,0.38636363636363635,1.9545454545454546,1.5681818181818181,1926.0,4.0
1927,NHL,PIP,PHQ,Pittsburgh Pirates,46,1.0454545454545454,3,0,44.0,15.0,33.0,0.75,-0.6590909090909091,1.7954545454545454,2.4545454545454546,1926.0,6.0
1927,NHL,TOR,TOR,Toronto Maple Leafs,44,1.0,4,0,44.0,15.0,35.0,0.7954545454545454,-0.3409090909090909,1.7954545454545454,2.1363636363636362,1926.0,7.0
1928,NHL,BOS,BOS,Boston Bruins,57,1.2954545454545454,1,0,44.0,20.0,51.0,1.1590909090909092,0.1590909090909091,1.75,1.5909090909090908,1927.0,2.0
1928,NHL,CHI,CHI,Chicago Black Hawks,22,0.5,5,1,44.0,7.0,17.0,0.38636363636363635,-1.5,1.5454545454545454,3.0454545454545454,1927.0,10.0
1928,NHL,DTC,DET,Detroit Cougars,47,1.0681818181818181,3,0,44.0,19.0,44.0,1.0,0.20454545454545456,2.0,1.7954545454545454,1927.0,5.0
1928,NHL,MTL,MTL,Montreal Canadiens,59,1.3409090909090908,1,0,44.0,26.0,59.0,1.3409090909090908,1.5454545454545454,2.6363636363636362,1.0909090909090908,1927.0,1.0
1928,NHL,MTM,MTM,Montreal Maroons,39,0.8863636363636364,5,0,44.0,24.0,54.0,1.2272727272727273,0.4318181818181818,2.1818181818181817,1.75,1927.0,8.0
1928,NHL,NYA,BKN,New York Americans,50,1.1363636363636365,2,0,44.0,11.0,28.0,0.6363636363636364,-1.4772727272727273,1.4318181818181819,2.909090909090909,1927.0,4.0
1928,NHL,NYR,NYR,New York Rangers,52,1.1818181818181819,2,0,44.0,19.0,47.0,1.0681818181818181,0.3409090909090909,2.1363636363636362,1.7954545454545454,1927.0,3.0
1928,NHL,OTS,STE,Ottawa Senators,41,0.9318181818181818,4,0,44.0,20.0,50.0,1.1363636363636365,0.4772727272727273,1.7727272727272727,1.2954545454545454,1927.0,7.0
1928,NHL,PIP,PHQ,Pittsburgh Pirates,26,0.5909090909090909,4,0,44.0,19.0,46.0,1.0454545454545454,-0.20454545454545456,1.5227272727272727,1.7272727272727273,1927.0,9.0
1928,NHL,TOR,TOR,Toronto Maple Leafs,47,1.0681818181818181,3,0,44.0,18.0,44.0,1.0,0.022727272727272728,2.022727272727273,2.0,1927.0,5.0
1929,NHL,BOS,BOS,Boston Bruins,77,1.75,1,0,44.0,26.0,57.0,1.2954545454545454,0.8409090909090909,2.022727272727273,1.1818181818181819,1928.0,1.0
1929,NHL,CHI,CHI,Chicago Black Hawks,47,1.0681818181818181,2,1,44.0,7.0,22.0,0.5,-1.1818181818181819,0.75,1.9318181818181819,1928.0,5.0
1929,NHL,DTC,DET,Detroit Cougars,34,0.7727272727272727,4,0,44.0,19.0,47.0,1.0681818181818181,0.20454545454545456,1.6363636363636365,1.4318181818181819,1928.0,8.0
1929,NHL,MTL,MTL,Montreal Canadiens,51,1.1590909090909092,2,0,44.0,22.0,59.0,1.3409090909090908,0.6363636363636364,1.6136363636363635,0.9772727272727273,1928.0,2.0
1929,NHL,MTM,MTM,Montreal Maroons,51,1.1590909090909092,1,0,44.0,15.0,39.0,0.8863636363636364,0.045454545454545456,1.5227272727272727,1.4772727272727273,1928.0,2.0
1929,NHL,NYA,BKN,New York Americans,33,0.75,5,0,44.0,19.0,50.0,1.1363636363636365,0.0,1.2045454545454546,1.2045454545454546,1928.0,9.0
1929,NHL,NYR,NYR,New York Rangers,44,1.0,3,0,44.0,21.0,52.0,1.1818181818181819,0.1590909090909091,1.6363636363636365,1.4772727272727273,1928.0,6.0
1929,NHL,OTS,STE,Ottawa Senators,50,1.1363636363636365,3,0,44.0,14.0,41.0,0.9318181818181818,-0.29545454545454547,1.2272727272727273,1.5227272727272727,1928.0,4.0
1929,NHL,PIP,PHQ,Pittsburgh Pirates,13,0.29545454545454547,5,0,44.0,9.0,26.0,0.5909090909090909,-0.7727272727272727,1.0454545454545454,1.8181818181818181,1928.0,10.0
1929,NHL,TOR,TOR,Toronto Maple Leafs,40,0.9090909090909091,4,0,44.0,21.0,47.0,1.0681818181818181,0.36363636363636365,1.9318181818181819,1.5681818181818181,1928.0,7.0
1930,NHL,BOS,BOS,Boston Bruins,62,1.4090909090909092,1,0,44.0,38.0,77.0,1.75,1.8409090909090908,4.068181818181818,2.227272727272727,1929.0,1.0
1930,NHL,CHI,CHI,Chicago Black Hawks,51,1.1590909090909092,2,0,44.0,21.0,47.0,1.0681818181818181,0.13636363636363635,2.659090909090909,2.522727272727273,1929.0,4.0
1930,NHL,DTF,DET,Detroit Falcons,39,0.8863636363636364,4,0,44.0,14.0,34.0,0.7727272727272727,-0.36363636363636365,2.659090909090909,3.022727272727273,1929.0,8.0
1930,NHL,MTL,MTL,Montreal Canadiens,60,1.3636363636363635,1,0,44.0,21.0,51.0,1.1590909090909092,0.6363636363636364,3.227272727272727,2.590909090909091,1929.0,2.0
1930,NHL,MTM,MTM,Montreal Maroons,46,1.0454545454545454,3,1,44.0,23.0,51.0,1.1590909090909092,0.6136363636363636,3.2045454545454546,2.590909090909091,1929.0,6.0
1930,NHL,NYA,BKN,New York Americans,46,1.0454545454545454,4,0,44.0,14.0,33.0,0.75,-1.0909090909090908,2.5681818181818183,3.659090909090909,1929.0,6.0
1930,NHL,NYR,NYR,New York Rangers,47,1.0681818181818181,3,0,44.0,17.0,44.0,1.0,-0.1590909090909091,3.090909090909091,3.25,1929.0,5.0
1930,NHL,OTS,STE,Ottawa Senators,24,0.5454545454545454,5,0,44.0,21.0,50.0,1.1363636363636365,0.45454545454545453,3.1363636363636362,2.6818181818181817,1929.0,9.0
1930,NHL,PHQ,PHQ,Philadelphia Quakers,12,0.2727272727272727,5,0,44.0,5.0,13.0,0.29545454545454547,-1.8863636363636365,2.3181818181818183,4.204545454545454,1929.0,10.0
1930,NHL,TOR,TOR,Toronto Maple Leafs,53,1.2045454545454546,2,1,44.0,17.0,40.0,0.9090909090909091,-0.18181818181818182,2.6363636363636362,2.8181818181818183,1929.0,3.0
1931,NHL,BOS,BOS,Boston Bruins,42,0.875,4,0,44.0,28.0,62.0,1.4090909090909092,1.2045454545454546,3.25,2.0454545454545454,1930.0,7.0
1931,NHL,CHI,CHI,Chicago Black Hawks,47,0.9791666666666666,2,0,44.0,24.0,51.0,1.1590909090909092,0.6818181818181818,2.4545454545454546,1.7727272727272727,1930.0,4.0
1931,NHL,DTF,DET,Detroit Falcons,46,0.9583333333333334,3,0,44.0,16.0,39.0,0.8863636363636364,-0.06818181818181818,2.3181818181818183,2.3863636363636362,1930.0,5.0
1931,NHL,MTL,MTL,Montreal Canadiens,57,1.1875,1,0,44.0,26.0,60.0,1.3636363636363635,0.9090909090909091,2.9318181818181817,2.022727272727273,1930.0,1.0
1931,NHL,MTM,MTM,Montreal Maroons,45,0.9375,3,0,44.0,20.0,46.0,1.0454545454545454,-0.022727272727272728,2.3863636363636362,2.409090909090909,1930.0,6.0
1931,NHL,NYA,BKN,New York Americans,40,0.8333333333333334,4,0,44.0,18.0,46.0,1.0454545454545454,0.045454545454545456,1.7272727272727273,1.6818181818181819,1930.0,8.0
1931,NHL,NYR,NYR,New York Rangers,54,1.125,1,0,44.0,19.0,47.0,1.0681818181818181,0.4318181818181818,2.409090909090909,1.9772727272727273,1930.0,2.0
1931,NHL,TOR,TOR,Toronto Maple Leafs,53,1.1041666666666667,2,1,44.0,22.0,53.0,1.2045454545454546,0.4318181818181818,2.6818181818181817,2.25,1930.0,3.0
1932,NHL,BOS,BOS,Boston Bruins,58,1.2083333333333333,1,0,48.0,15.0,42.0,0.875,0.10416666666666667,2.5416666666666665,2.4375,1931.0,1.0
1932,NHL,CHI,CHI,Chicago Black Hawks,44,0.9166666666666666,4,1,48.0,18.0,47.0,0.9791666666666666,-0.3125,1.7916666666666667,2.1041666666666665,1931.0,6.0
1932,NHL,DET,DET,Detroit Red Wings,58,1.2083333333333333,2,0,48.0,18.0,46.0,0.9583333333333334,-0.2708333333333333,1.9791666666666667,2.25,1931.0,1.0
1932,NHL,MTL,MTL,Montreal Canadiens,41,0.8541666666666666,3,0,48.0,25.0,57.0,1.1875,0.3541666666666667,2.6666666666666665,2.3125,1931.0,7.0
1932,NHL,MTM,MTM,Montreal Maroons,50,1.0416666666666667,2,0,48.0,19.0,45.0,0.9375,0.0625,2.9583333333333335,2.8958333333333335,1931.0,5.0
1932,NHL,NYA,BKN,New York Americans,41,0.8541666666666666,4,0,48.0,16.0,40.0,0.8333333333333334,-0.9791666666666666,1.9791666666666667,2.9583333333333335,1931.0,7.0
1932,NHL,NYR,NYR,New York Rangers,54,1.125,3,0,48.0,23.0,54.0,1.125,0.4583333333333333,2.7916666666666665,2.3333333333333335,1931.0,3.0
1932,NHL,OTS,STE,Ottawa Senators,32,0.6666666666666666,5,0,,,,,,,,,9.0
1932,NHL,TOR,TOR,Toronto Maple Leafs,54,1.125,1,0,48.0,23.0,53.0,1.1041666666666667,0.5833333333333334,3.2291666666666665,2.6458333333333335,1931.0,3.0
1933,NHL,BOS,BOS,Boston Bruins,41,0.8541666666666666,4,0,48.0,25.0,58.0,1.2083333333333333,0.75,2.5833333333333335,1.8333333333333333,1932.0,7.0
1933,NHL,CHI,CHI,Chicago Black Hawks,51,1.0625,2,0,48.0,16.0,44.0,0.9166666666666666,-0.2708333333333333,1.8333333333333333,2.1041666666666665,1932.0,3.0
1933,NHL,DET,DET,Detroit Red Wings,58,1.2083333333333333,1,0,48.0,25.0,58.0,1.2083333333333333,0.375,2.3125,1.9375,1932.0,2.0
1933,NHL,MTL,MTL,Montreal Canadiens,50,1.0416666666666667,2,0,48.0,18.0,41.0,0.8541666666666666,-0.4791666666666667,1.9166666666666667,2.3958333333333335,1932.0,4.0
1933,NHL,MTM,MTM,Montreal Maroons,49,1.0208333333333333,3,0,48.0,22.0,50.0,1.0416666666666667,0.3333333333333333,2.8125,2.4791666666666665,1932.0,6.0
1933,NHL,NYA,BKN,New York Americans,40,0.8333333333333334,4,0,48.0,15.0,41.0,0.8541666666666666,-0.5625,1.8958333333333333,2.4583333333333335,1932.0,8.0
1933,NHL,NYR,NYR,New York Rangers,50,1.0416666666666667,3,0,48.0,23.0,54.0,1.125,0.5833333333333334,2.8125,2.2291666666666665,1932.0,4.0
1933,NHL,OTS,STE,Ottawa Senators,32,0.6666666666666666,5,0,48.0,11.0,32.0,0.6666666666666666,-0.8958333333333334,1.8333333333333333,2.7291666666666665,1932.0,9.0
1933,NHL,TOR,TOR,Toronto Maple Leafs,61,1.2708333333333333,1,0,48.0,24.0,54.0,1.125,0.16666666666666666,2.4791666666666665,2.3125,1932.0,1.0
1934,NHL,BOS,BOS,Boston Bruins,58,1.2083333333333333,1,0,48.0,18.0,41.0,0.8541666666666666,-0.3958333333333333,2.3125,2.7083333333333335,1933.0,2.0
1934,NHL,CHI,CHI,Chicago Black Hawks,57,1.1875,2,0,48.0,20.0,51.0,1.0625,0.10416666666666667,1.8333333333333333,1.7291666666666667,1933.0,3.0
1934,NHL,DET,DET,Detroit Red Wings,45,0.9375,4,0,48.0,24.0,58.0,1.2083333333333333,0.3125,2.3541666666666665,2.0416666666666665,1933.0,6.0
1934,NHL,MTL,MTL,Montreal Canadiens,44,0.9166666666666666,3,1,48.0,22.0,50.0,1.0416666666666667,-0.041666666666666664,2.0625,2.1041666666666665,1933.0,7.0
1934,NHL,MTM,MTM,Montreal Maroons,53,1.1041666666666667,2,0,48.0,19.0,49.0,1.0208333333333333,-0.10416666666666667,2.4375,2.5416666666666665,1933.0,4.0
1934,NHL,NYA,BKN,New York Americans,33,0.6875,4,0,48.0,15.0,40.0,0.8333333333333334,-0.5833333333333334,2.1666666666666665,2.75,1933.0,8.0
1934,NHL,NYR,NYR,New York Rangers,50,1.0416666666666667,3,0,48.0,21.0,50.0,1.0416666666666667,0.14583333333333334,2.5,2.3541666666666665,1933.0,5.0
1934,NHL,STE,STE,St. Louis Eagles,28,0.5833333333333334,5,1,48.0,13.0,32.0,0.6666666666666666,-0.5833333333333334,2.3958333333333335,2.9791666666666665,1933.0,9.0
1934,NHL,TOR,TOR,Toronto Maple Leafs,64,1.3333333333333333,1,0,48.0,26.0,61.0,1.2708333333333333,1.1458333333333333,3.625,2.4791666666666665,1933.0,1.0
1935,NHL,BOS,BOS,Boston Bruins,50,1.0416666666666667,2,0,48.0,26.0,58.0,1.2083333333333333,0.3541666666666667,2.6875,2.3333333333333335,1934.0,4.0
1935,NHL,CHI,CHI,Chicago Black Hawks,50,1.0416666666666667,3,0,48.0,26.0,57.0,1.1875,0.625,2.4583333333333335,1.8333333333333333,1934.0,4.0
1935,NHL,DET,DET,Detroit Red Wings,56,1.1666666666666667,1,0,48.0,19.0,45.0,0.9375,0.2708333333333333,2.6458333333333335,2.375,1934.0,1.0
1935,NHL,MTL,MTL,Montreal Canadiens,33,0.6875,4,0,48.0,19.0,44.0,0.9166666666666666,-0.7291666666666666,2.2916666666666665,3.0208333333333335,1934.0,8.0
1935,NHL,MTM,MTM,Montreal Maroons,54,1.125,1,0,48.0,24.0,53.0,1.1041666666666667,0.6458333333333334,2.5625,1.9166666666666667,1934.0,2.0
1935,NHL,NYA,BKN,New York Americans,39,0.8125,3,0,48.0,12.0,33.0,0.6875,-0.875,2.0833333333333335,2.9583333333333335,1934.0,7.0
1935,NHL,NYR,NYR,New York Rangers,50,1.0416666666666667,4,0,48.0,22.0,50.0,1.0416666666666667,-0.041666666666666664,2.8541666666666665,2.8958333333333335,1934.0,4.0
1935,NHL,TOR,TOR,Toronto Maple Leafs,52,1.0833333333333333,2,0,48.0,30.0,64.0,1.3333333333333333,0.9583333333333334,3.2708333333333335,2.3125,1934.0,3.0
1936,NHL,BOS,BOS,Boston Bruins,53,1.1041666666666667,2,0,48.0,22.0,50.0,1.0416666666666667,0.1875,1.9166666666666667,1.7291666666666667,1935.0,3.0
1936,NHL,CHI,CHI,Chicago Black Hawks,35,0.7291666666666666,4,0,48.0,21.0,50.0,1.0416666666666667,0.020833333333333332,1.9375,1.9166666666666667,1935.0,7.0
1936,NHL,DET,DET,Detroit Red Wings,59,1.2291666666666667,1,0,48.0,24.0,56.0,1.1666666666666667,0.4375,2.5833333333333335,2.1458333333333335,1935.0,1.0
1936,NHL,MTL,MTL,Montreal Canadiens,54,1.125,1,0,48.0,11.0,33.0,0.6875,-0.8541666666666666,1.7083333333333333,2.5625,1935.0,2.0
1936,NHL,MTM,MTM,Montreal Maroons,53,1.1041666666666667,2,0,48.0,22.0,54.0,1.125,0.16666666666666666,2.375,2.2083333333333335,1935.0,3.0
1936,NHL,NYA,BKN,New York Americans,34,0.7083333333333334,4,0,48.0,16.0,39.0,0.8125,-0.2708333333333333,2.2708333333333335,2.5416666666666665,1935.0,8.0
1936,NHL,NYR,NYR,New York Rangers,47,0.9791666666666666,3,0,48.0,19.0,50.0,1.0416666666666667,-0.10416666666666667,1.8958333333333333,2.0,1935.0,6.0
1936,NHL,TOR,TOR,Toronto Maple Leafs,49,1.0208333333333333,3,0,48.0,23.0,52.0,1.0833333333333333,0.4166666666666667,2.625,2.2083333333333335,1935.0,5.0
1937,NHL,BOS,BOS,Boston Bruins,67,1.3958333333333333,1,0,48.0,23.0,53.0,1.1041666666666667,0.20833333333333334,2.5,2.2916666666666665,1936.0,1.0
1937,NHL,CHI,CHI,Chicago Black Hawks,37,0.7708333333333334,3,0,48.0,14.0,35.0,0.7291666666666666,-0.6666666666666666,2.0625,2.7291666666666665,1936.0,6.0
1937,NHL,DET,DET,Detroit Red Wings,35,0.7291666666666666,4,0,48.0,25.0,59.0,1.2291666666666667,0.5416666666666666,2.6666666666666665,2.125,1936.0,7.0
1937,NHL,MTL,MTL,Montreal Canadiens,49,1.0208333333333333,3,0,48.0,24.0,54.0,1.125,0.08333333333333333,2.3958333333333335,2.3125,1936.0,4.0
1937,NHL,MTM,MTM,Montreal Maroons,30,0.625,4,1,48.0,22.0,53.0,1.1041666666666667,0.3333333333333333,2.625,2.2916666666666665,1936.0,8.0
1937,NHL,NYA,BKN,New York Americans,49,1.0208333333333333,2,0,48.0,15.0,34.0,0.7083333333333334,-0.8125,2.5416666666666665,3.3541666666666665,1936.0,4.0
1937,NHL,NYR,NYR,New York Rangers,60,1.25,2,0,48.0,19.0,47.0,0.9791666666666666,0.22916666666666666,2.4375,2.2083333333333335,1936.0,2.0
1937,NHL,TOR,TOR,Toronto Maple Leafs,57,1.1875,1,0,48.0,22.0,49.0,1.0208333333333333,0.08333333333333333,2.4791666666666665,2.3958333333333335,1936.0,3.0
1938,NHL,BOS,BOS,Boston Bruins,74,1.5416666666666667,1,0,48.0,30.0,67.0,1.3958333333333333,1.1041666666666667,2.9583333333333335,1.8541666666666667,1937.0,1.0
1938,NHL,CHI,CHI,Chicago Black Hawks,32,0.6666666666666666,7,1,48.0,14.0,37.0,0.7708333333333334,-0.875,2.0208333333333335,2.8958333333333335,1937.0,7.0
1938,NHL,DET,DET,Detroit Red Wings,42,0.875,5,0,48.0,12.0,35.0,0.7291666666666666,-0.7083333333333334,2.0625,2.7708333333333335,1937.0,5.0
1938,NHL,MTL,MTL,Montreal Canadiens,39,0.8125,6,1,48.0,18.0,49.0,1.0208333333333333,-0.10416666666666667,2.5625,2.6666666666666665,1937.0,6.0
1938,NHL,NYA,BKN,New York Americans,44,0.9166666666666666,4,0,48.0,19.0,49.0,1.0208333333333333,-0.020833333333333332,2.2916666666666665,2.3125,1937.0,4.0
1938,NHL,NYR,NYR,New York Rangers,58,1.2083333333333333,2,0,48.0,27.0,60.0,1.25,1.1041666666666667,3.1041666666666665,2.0,1937.0,2.0
1938,NHL,TOR,TOR,Toronto Maple Leafs,47,0.9791666666666666,3,0,48.0,24.0,57.0,1.1875,0.5,3.1458333333333335,2.6458333333333335,1937.0,3.0
1939,NHL,BOS,BOS,Boston Bruins,67,1.3958333333333333,1,0,48.0,36.0,74.0,1.5416666666666667,1.6666666666666667,3.25,1.5833333333333333,1938.0,1.0
1939,NHL,CHI,CHI,Chicago Black Hawks,52,1.0833333333333333,4,0,48.0,12.0,32.0,0.6666666666666666,-0.8541666666666666,1.8958333333333333,2.75,1938.0,4.0
1939,NHL,DET,DET,Detroit Red Wings,38,0.7916666666666666,5,0,48.0,18.0,42.0,0.875,-0.4375,2.2291666666666665,2.6666666666666665,1938.0,5.0
1939,NHL,MTL,MTL,Montreal Canadiens,25,0.5208333333333334,7,0,48.0,15.0,39.0,0.8125,-0.6458333333333334,2.3958333333333335,3.0416666666666665,1938.0,7.0
1939,NHL,NYA,BKN,New York Americans,34,0.7083333333333334,6,0,48.0,17.0,44.0,0.9166666666666666,-0.7916666666666666,2.4791666666666665,3.2708333333333335,1938.0,6.0
1939,NHL,NYR,NYR,New York Rangers,64,1.3333333333333333,2,0,48.0,26.0,58.0,1.2083333333333333,0.9166666666666666,3.1041666666666665,2.1875,1938.0,2.0
1939,NHL,TOR,TOR,Toronto Maple Leafs,56,1.1666666666666667,3,0,48.0,19.0,47.0,0.9791666666666666,0.14583333333333334,2.375,2.2291666666666665,1938.0,3.0
1940,NHL,BOS,BOS,Boston Bruins,67,1.3958333333333333,1,0,48.0,31.0,67.0,1.3958333333333333,1.5,3.5416666666666665,2.0416666666666665,1939.0,1.0
1940,NHL,CHI,CHI,Chicago Black Hawks,39,0.8125,5,0,48.0,23.0,52.0,1.0833333333333333,-0.16666666666666666,2.3333333333333335,2.5,1939.0,5.0
1940,NHL,DET,DET,Detroit Red Wings,53,1.1041666666666667,3,0,48.0,16.0,38.0,0.7916666666666666,-0.75,1.875,2.625,1939.0,3.0
1940,NHL,MTL,MTL,Montreal Canadiens,38,0.7916666666666666,6,0,48.0,10.0,25.0,0.5208333333333334,-1.6041666666666667,1.875,3.4791666666666665,1939.0,6.0
1940,NHL,NYA,BKN,New York Americans,27,0.5625,7,0,48.0,15.0,34.0,0.7083333333333334,-0.7083333333333334,2.2083333333333335,2.9166666666666665,1939.0,7.0
1940,NHL,NYR,NYR,New York Rangers,50,1.0416666666666667,4,0,48.0,27.0,64.0,1.3333333333333333,1.2291666666666667,2.8333333333333335,1.6041666666666667,1939.0,4.0
1940,NHL,TOR,TOR,Toronto Maple Leafs,62,1.2916666666666667,2,0,48.0,25.0,56.0,1.1666666666666667,0.5,2.7916666666666665,2.2916666666666665,1939.0,2.0
1941,NHL,BKN,BKN,Brooklyn Americans,35,0.7291666666666666,7,0,48.0,8.0,27.0,0.5625,-1.8125,2.0625,3.875,1940.0,7.0
1941,NHL,BOS,BOS,Boston Bruins,56,1.1666666666666667,3,0,48.0,27.0,67.0,1.3958333333333333,1.375,3.5,2.125,1940.0,3.0
1941,NHL,CHI,CHI,Chicago Black Hawks,47,0.9791666666666666,4,0,48.0,16.0,39.0,0.8125,-0.5625,2.3333333333333335,2.8958333333333335,1940.0,4.0
1941,NHL,DET,DET,Detroit Red Wings,42,0.875,5,0,48.0,21.0,53.0,1.1041666666666667,0.20833333333333334,2.3333333333333335,2.125,1940.0,5.0
1941,NHL,MTL,MTL,Montreal Canadiens,39,0.8125,6,0,48.0,16.0,38.0,0.7916666666666666,-0.5416666666666666,2.5208333333333335,3.0625,1940.0,6.0
1941,NHL,NYR,NYR,New York Rangers,60,1.25,1,0,48.0,21.0,50.0,1.0416666666666667,0.375,2.9791666666666665,2.6041666666666665,1940.0,1.0
1941,NHL,TOR,TOR,Toronto Maple Leafs,57,1.1875,2,0,48.0,28.0,62.0,1.2916666666666667,0.9583333333333334,3.0208333333333335,2.0625,1940.0,2.0
1942,NHL,BOS,BOS,Boston Bruins,57,1.14,2,0,48.0,25.0,56.0,1.1666666666666667,0.875,3.3333333333333335,2.4583333333333335,1941.0,2.0
1942,NHL,CHI,CHI,Chicago Black Hawks,49,0.98,5,0,48.0,22.0,47.0,0.9791666666666666,-0.20833333333333334,3.0208333333333335,3.2291666666666665,1941.0,5.0
1942,NHL,DET,DET,Detroit Red Wings,61,1.22,1,0,48.0,19.0,42.0,0.875,-0.14583333333333334,2.9166666666666665,3.0625,1941.0,1.0
1942,NHL,MTL,MTL,Montreal Canadiens,50,1.0,4,0,48.0,18.0,39.0,0.8125,-0.8125,2.7916666666666665,3.6041666666666665,1941.0,4.0
1942,NHL,NYR,NYR,New York Rangers,30,0.6,6,0,48.0,29.0,60.0,1.25,0.7083333333333334,3.6875,2.9791666666666665,1941.0,6.0
1942,NHL,TOR,TOR,Toronto Maple Leafs,53,1.06,3,0,48.0,27.0,57.0,1.1875,0.4583333333333333,3.2916666666666665,2.8333333333333335,1941.0,3.0
1943,NHL,BOS,BOS,Boston Bruins,43,0.86,5,0,50.0,24.0,57.0,1.14,0.38,3.9,3.52,1942.0,5.0
1943,NHL,CHI,CHI,Chicago Black Hawks,49,0.98,4,0,50.0,17.0,49.0,0.98,-0.02,3.58,3.6,1942.0,4.0
1943,NHL,DET,DET,Detroit Red Wings,58,1.16,2,0,50.0,25.0,61.0,1.22,0.9,3.38,2.48,1942.0,2.0
1943,NHL,MTL,MTL,Montreal Canadiens,83,1.66,1,0,50.0,19.0,50.0,1.0,-0.2,3.62,3.82,1942.0,1.0
1943,NHL,NYR,NYR,New York Rangers,17,0.34,6,0,50.0,11.0,30.0,0.6,-1.84,3.22,5.06,1942.0,6.0
1943,NHL,TOR,TOR,Toronto Maple Leafs,50,1.0,3,0,50.0,22.0,53.0,1.06,0.78,3.96,3.18,1942.0,3.0
1944,NHL,BOS,BOS,Boston Bruins,36,0.72,4,0,50.0,19.0,43.0,0.86,-0.9,4.46,5.36,1943.0,4.0
1944,NHL,CHI,CHI,Chicago Black Hawks,33,0.66,5,1,50.0,22.0,49.0,0.98,-0.18,3.56,3.74,1943.0,5.0
1944,NHL,DET,DET,Detroit Red Wings,67,1.34,2,0,50.0,26.0,58.0,1.16,0.74,4.28,3.54,1943.0,2.0
1944,NHL,MTL,MTL,Montreal Canadiens,80,1.6,1,0,50.0,38.0,83.0,1.66,2.5,4.68,2.18,1943.0,1.0
1944,NHL,NYR,NYR,New York Rangers,32,0.64,6,0,50.0,6.0,17.0,0.34,-2.96,3.24,6.2,1943.0,6.0
1944,NHL,TOR,TOR,Toronto Maple Leafs,52,1.04,3,0,50.0,23.0,50.0,1.0,0.8,4.28,3.48,1943.0,3.0
1945,NHL,BOS,BOS,Boston Bruins,56,1.12,2,0,50.0,16.0,36.0,0.72,-0.8,3.58,4.38,1944.0,2.0
1945,NHL,CHI,CHI,Chicago Black Hawks,53,1.06,3,0,50.0,13.0,33.0,0.66,-1.06,2.82,3.88,1944.0,3.0
1945,NHL,DET,DET,Detroit Red Wings,50,1.0,4,0,50.0,31.0,67.0,1.34,1.14,4.36,3.22,1944.0,4.0
1945,NHL,MTL,MTL,Montreal Canadiens,61,1.22,1,0,50.0,38.0,80.0,1.6,2.14,4.56,2.42,1944.0,1.0
1945,NHL,NYR,NYR,New York Rangers,35,0.7,6,0,50.0,11.0,32.0,0.64,-1.86,3.08,4.94,1944.0,6.0
1945,NHL,TOR,TOR,Toronto Maple Leafs,45,0.9,5,0,50.0,24.0,52.0,1.04,0.44,3.66,3.22,1944.0,5.0
1946,NHL,BOS,BOS,Boston Bruins,63,1.05,3,0,50.0,24.0,56.0,1.12,0.22,3.34,3.12,1945.0,3.0
1946,NHL,CHI,CHI,Chicago Black Hawks,42,0.7,6,0,50.0,23.0,53.0,1.06,0.44,4.0,3.56,1945.0,6.0
1946,NHL,DET,DET,Detroit Red Wings,55,0.9166666666666666,4,0,50.0,20.0,50.0,1.0,-0.26,2.92,3.18,1945.0,4.0
1946,NHL,MTL,MTL,Montreal Canadiens,78,1.3,1,0,50.0,28.0,61.0,1.22,0.76,3.44,2.68,1945.0,1.0
1946,NHL,NYR,NYR,New York Rangers,50,0.8333333333333334,5,0,50.0,13.0,35.0,0.7,-0.94,2.88,3.82,1945.0,5.0
1946,NHL,TOR,TOR,Toronto Maple Leafs,72,1.2,2,0,50.0,19.0,45.0,0.9,-0.22,3.48,3.7,1945.0,2.0
1947,NHL,BOS,BOS,Boston Bruins,59,0.9833333333333333,3,0,60.0,26.0,63.0,1.05,0.25,3.1666666666666665,2.9166666666666665,1946.0,3.0
1947,NHL,CHI,CHI,Chicago Black Hawks,46,0.7666666666666667,6,1,60.0,19.0,42.0,0.7,-1.35,3.216666666666667,4.566666666666666,1946.0,6.0
1947,NHL,DET,DET,Detroit Red Wings,72,1.2,2,0,60.0,22.0,55.0,0.9166666666666666,-0.05,3.1666666666666665,3.216666666666667,1946.0,2.0
1947,NHL,MTL,MTL,Montreal Canadiens,51,0.85,5,0,60.0,34.0,78.0,1.3,0.85,3.15,2.3,1946.0,5.0
1947,NHL,NYR,NYR,New York Rangers,55,0.9166666666666666,4,0,60.0,22.0,50.0,0.8333333333333334,-0.31666666666666665,2.783333333333333,3.1,1946.0,4.0
1947,NHL,TOR,TOR,Toronto Maple Leafs,77,1.2833333333333334,1,0,60.0,31.0,72.0,1.2,0.6166666666666667,3.4833333333333334,2.8666666666666667,1946.0,1.0
1948,NHL,BOS,BOS,Boston Bruins,66,1.1,2,0,60.0,23.0,59.0,0.9833333333333333,-0.016666666666666666,2.783333333333333,2.8,1947.0,2.0
1948,NHL,CHI,CHI,Chicago Black Hawks,50,0.8333333333333334,5,0,60.0,20.0,46.0,0.7666666666666667,-0.5,3.25,3.75,1947.0,5.0
1948,NHL,DET,DET,Detroit Red Wings,75,1.25,1,0,60.0,30.0,72.0,1.2,0.65,3.1166666666666667,2.466666666666667,1947.0,1.0
1948,NHL,MTL,MTL,Montreal Canadiens,65,1.0833333333333333,3,0,60.0,20.0,51.0,0.85,-0.36666666666666664,2.45,2.816666666666667,1947.0,3.0
1948,NHL,NYR,NYR,New York Rangers,47,0.7833333333333333,6,1,60.0,21.0,55.0,0.9166666666666666,-0.4166666666666667,2.933333333333333,3.35,1947.0,6.0
1948,NHL,TOR,TOR,Toronto Maple Leafs,57,0.95,4,0,60.0,32.0,77.0,1.2833333333333334,0.65,3.033333333333333,2.3833333333333333,1947.0,4.0
1949,NHL,BOS,BOS,Boston Bruins,60,0.8571428571428571,5,0,60.0,29.0,66.0,1.1,0.25,2.966666666666667,2.716666666666667,1948.0,5.0
1949,NHL,CHI,CHI,Chicago Black Hawks,54,0.7714285714285715,6,0,60.0,21.0,50.0,0.8333333333333334,-0.6333333333333333,2.8833333333333333,3.5166666666666666,1948.0,6.0
1949,NHL,DET,DET,Detroit Red Wings,88,1.2571428571428571,1,0,60.0,34.0,75.0,1.25,0.8333333333333334,3.25,2.4166666666666665,1948.0,1.0
1949,NHL,MTL,MTL,Montreal Canadiens,77,1.1,2,0,60.0,28.0,65.0,1.0833333333333333,0.43333333333333335,2.533333333333333,2.1,1948.0,2.0
1949,NHL,NYR,NYR,New York Rangers,67,0.9571428571428572,4,0,60.0,18.0,47.0,0.7833333333333333,-0.65,2.216666666666667,2.8666666666666667,1948.0,4.0
1949,NHL,TOR,TOR,Toronto Maple Leafs,74,1.0571428571428572,3,0,60.0,22.0,57.0,0.95,-0.23333333333333334,2.45,2.683333333333333,1948.0,3.0
1950,NHL,BOS,BOS,Boston Bruins,62,0.8857142857142857,4,0,70.0,22.0,60.0,0.8571428571428571,-0.42857142857142855,2.8285714285714287,3.257142857142857,1949.0,4.0
1950,NHL,CHI,CHI,Chicago Black Hawks,36,0.5142857142857142,6,0,70.0,22.0,54.0,0.7714285714285715,-0.5857142857142857,2.9,3.4857142857142858,1949.0,6.0
1950,NHL,DET,DET,Detroit Red Wings,101,1.4428571428571428,1,0,70.0,37.0,88.0,1.2571428571428571,0.9285714285714286,3.2714285714285714,2.342857142857143,1949.0,1.0
1950,NHL,MTL,MTL,Montreal Canadiens,65,0.9285714285714286,3,0,70.0,29.0,77.0,1.1,0.3142857142857143,2.4571428571428573,2.142857142857143,1949.0,3.0
1950,NHL,NYR,NYR,New York Rangers,61,0.8714285714285714,5,0,70.0,28.0,67.0,0.9571428571428572,-0.2714285714285714,2.4285714285714284,2.7,1949.0,5.0
1950,NHL,TOR,TOR,Toronto Maple Leafs,95,1.3571428571428572,2,0,70.0,31.0,74.0,1.0571428571428572,0.04285714285714286,2.5142857142857142,2.4714285714285715,1949.0,2.0
1951,NHL,BOS,BOS,Boston Bruins,66,0.9428571428571428,4,0,70.0,22.0,62.0,0.8857142857142857,-0.2714285714285714,2.5428571428571427,2.8142857142857145,1950.0,4.0
1951,NHL,CHI,CHI,Chicago Black Hawks,43,0.6142857142857143,6,0,70.0,13.0,36.0,0.5142857142857142,-1.5571428571428572,2.442857142857143,4.0,1950.0,6.0
1951,NHL,DET,DET,Detroit Red Wings,100,1.4285714285714286,1,0,70.0,44.0,101.0,1.4428571428571428,1.3857142857142857,3.3714285714285714,1.9857142857142858,1950.0,1.0
1951,NHL,MTL,MTL,Montreal Canadiens,78,1.1142857142857143,2,0,70.0,25.0,65.0,0.9285714285714286,-0.15714285714285714,2.4714285714285715,2.6285714285714286,1950.0,2.0
1951,NHL,NYR,NYR,New York Rangers,59,0.8428571428571429,5,1,70.0,20.0,61.0,0.8714285714285714,-0.45714285714285713,2.414285714285714,2.8714285714285714,1950.0,5.0
1951,NHL,TOR,TOR,Toronto Maple Leafs,74,1.0571428571428572,3,0,70.0,41.0,95.0,1.3571428571428572,1.0571428571428572,3.0285714285714285,1.9714285714285715,1950.0,3.0
1952,NHL,BOS,BOS,Boston Bruins,69,0.9857142857142858,3,0,70.0,25.0,66.0,0.9428571428571428,-0.2,2.3142857142857145,2.5142857142857142,1951.0,3.0
1952,NHL,CHI,CHI,Chicago Black Hawks,69,0.9857142857142858,4,0,70.0,17.0,43.0,0.6142857142857143,-1.1857142857142857,2.257142857142857,3.442857142857143,1951.0,3.0
1952,NHL,DET,DET,Detroit Red Wings,90,1.2857142857142858,1,0,70.0,44.0,100.0,1.4285714285714286,1.1714285714285715,3.0714285714285716,1.9,1951.0,1.0
1952,NHL,MTL,MTL,Montreal Canadiens,75,1.0714285714285714,2,0,70.0,34.0,78.0,1.1142857142857143,0.44285714285714284,2.7857142857142856,2.342857142857143,1951.0,2.0
1952,NHL,NYR,NYR,New York Rangers,50,0.7142857142857143,6,0,70.0,23.0,59.0,0.8428571428571429,-0.38571428571428573,2.742857142857143,3.1285714285714286,1951.0,6.0
1952,NHL,TOR,TOR,Toronto Maple Leafs,67,0.9571428571428572,5,0,70.0,29.0,74.0,1.0571428571428572,0.15714285714285714,2.4,2.242857142857143,1951.0,5.0
1953,NHL,BOS,BOS,Boston Bruins,74,1.0571428571428572,4,0,70.0,28.0,69.0,0.9857142857142858,-0.2857142857142857,2.1714285714285713,2.4571428571428573,1952.0,4.0
1953,NHL,CHI,CHI,Chicago Black Hawks,31,0.44285714285714284,6,0,70.0,27.0,69.0,0.9857142857142858,-0.08571428571428572,2.414285714285714,2.5,1952.0,6.0
1953,NHL,DET,DET,Detroit Red Wings,88,1.2571428571428571,1,0,70.0,36.0,90.0,1.2857142857142858,1.2714285714285714,3.1714285714285713,1.9,1952.0,1.0
1953,NHL,MTL,MTL,Montreal Canadiens,81,1.1571428571428573,2,0,70.0,28.0,75.0,1.0714285714285714,0.1,2.2142857142857144,2.1142857142857143,1952.0,2.0
1953,NHL,NYR,NYR,New York Rangers,68,0.9714285714285714,5,1,70.0,17.0,50.0,0.7142857142857143,-0.8428571428571429,2.1714285714285713,3.0142857142857142,1952.0,5.0
1953,NHL,TOR,TOR,Toronto Maple Leafs,78,1.1142857142857143,3,0,70.0,27.0,67.0,0.9571428571428572,-0.15714285714285714,2.2285714285714286,2.3857142857142857,1952.0,3.0
1954,NHL,BOS,BOS,Boston Bruins,67,0.9571428571428572,4,1,70.0,32.0,74.0,1.0571428571428572,-0.05714285714285714,2.5285714285714285,2.585714285714286,1953.0,4.0
1954,NHL,CHI,CHI,Chicago Black Hawks,43,0.6142857142857143,6,0,70.0,12.0,31.0,0.44285714285714284,-1.5571428571428572,1.9,3.4571428571428573,1953.0,6.0
1954,NHL,DET,DET,Detroit Red Wings,95,1.3571428571428572,1,0,70.0,37.0,88.0,1.2571428571428571,0.8428571428571429,2.7285714285714286,1.8857142857142857,1953.0,1.0
1954,NHL,MTL,MTL,Montreal Canadiens,93,1.3285714285714285,2,0,70.0,35.0,81.0,1.1571428571428573,0.7714285714285715,2.7857142857142856,2.0142857142857142,1953.0,2.0
1954,NHL,NYR,NYR,New York Rangers,52,0.7428571428571429,5,0,70.0,29.0,68.0,0.9714285714285714,-0.3,2.3,2.6,1953.0,5.0
1954,NHL,TOR,TOR,Toronto Maple Leafs,70,1.0,3,0,70.0,32.0,78.0,1.1142857142857143,0.3,2.1714285714285713,1.8714285714285714,1953.0,3.0
1955,NHL,BOS,BOS,Boston Bruins,59,0.8428571428571429,5,0,70.0,23.0,67.0,0.9571428571428572,-0.2714285714285714,2.414285714285714,2.6857142857142855,1954.0,5.0
1955,NHL,CHI,CHI,Chicago Black Hawks,50,0.7142857142857143,6,0,70.0,13.0,43.0,0.6142857142857143,-1.0571428571428572,2.3,3.357142857142857,1954.0,6.0
1955,NHL,DET,DET,Detroit Red Wings,76,1.0857142857142856,2,0,70.0,42.0,95.0,1.3571428571428572,1.0,2.914285714285714,1.9142857142857144,1954.0,2.0
1955,NHL,MTL,MTL,Montreal Canadiens,100,1.4285714285714286,1,0,70.0,41.0,93.0,1.3285714285714285,1.0142857142857142,3.257142857142857,2.242857142857143,1954.0,1.0
1955,NHL,NYR,NYR,New York Rangers,74,1.0571428571428572,3,0,70.0,17.0,52.0,0.7428571428571429,-0.8571428571428571,2.142857142857143,3.0,1954.0,3.0
1955,NHL,TOR,TOR,Toronto Maple Leafs,61,0.8714285714285714,4,0,70.0,24.0,70.0,1.0,0.17142857142857143,2.1,1.9285714285714286,1954.0,4.0
1956,NHL,BOS,BOS,Boston Bruins,80,1.1428571428571428,3,0,70.0,23.0,59.0,0.8428571428571429,-0.5428571428571428,2.1,2.642857142857143,1955.0,3.0
1956,NHL,CHI,CHI,Chicago Black Hawks,47,0.6714285714285714,6,0,70.0,19.0,50.0,0.7142857142857143,-0.8714285714285714,2.2142857142857144,3.085714285714286,1955.0,6.0
1956,NHL,DET,DET,Detroit Red Wings,88,1.2571428571428571,1,0,70.0,30.0,76.0,1.0857142857142856,0.5,2.6142857142857143,2.1142857142857143,1955.0,1.0
1956,NHL,MTL,MTL,Montreal Canadiens,82,1.1714285714285715,2,0,70.0,45.0,100.0,1.4285714285714286,1.3,3.1714285714285713,1.8714285714285714,1955.0,2.0
1956,NHL,NYR,NYR,New York Rangers,66,0.9428571428571428,4,0,70.0,32.0,74.0,1.0571428571428572,0.014285714285714285,2.914285714285714,2.9,1955.0,4.0
1956,NHL,TOR,TOR,Toronto Maple Leafs,57,0.8142857142857143,5,0,70.0,24.0,61.0,0.8714285714285714,-0.4,2.1857142857142855,2.585714285714286,1955.0,5.0
1957,NHL,BOS,BOS,Boston Bruins,69,0.9857142857142858,4,0,70.0,34.0,80.0,1.1428571428571428,0.3,2.7857142857142856,2.4857142857142858,1956.0,4.0
1957,NHL,CHI,CHI,Chicago Black Hawks,55,0.7857142857142857,5,1,70.0,16.0,47.0,0.6714285714285714,-0.8,2.414285714285714,3.2142857142857144,1956.0,5.0
1957,NHL,DET,DET,Detroit Red Wings,70,1.0,3,1,70.0,38.0,88.0,1.2571428571428571,0.5857142857142857,2.8285714285714287,2.242857142857143,1956.0,3.0
1957,NHL,MTL,MTL,Montreal Canadiens,96,1.3714285714285714,1,0,70.0,35.0,82.0,1.1714285714285715,0.7857142857142857,3.0,2.2142857142857144,1956.0,1.0
1957,NHL,NYR,NYR,New York Rangers,77,1.1,2,0,70.0,26.0,66.0,0.9428571428571428,-0.6142857142857143,2.6285714285714286,3.242857142857143,1956.0,2.0
1957,NHL,TOR,TOR,Toronto Maple Leafs,53,0.7571428571428571,6,0,70.0,21.0,57.0,0.8142857142857143,-0.2571428571428571,2.4857142857142858,2.742857142857143,1956.0,6.0
1958,NHL,BOS,BOS,Boston Bruins,73,1.042857142857143,2,0,70.0,27.0,69.0,0.9857142857142858,0.07142857142857142,2.842857142857143,2.7714285714285714,1957.0,2.0
1958,NHL,CHI,CHI,Chicago Black Hawks,69,0.9857142857142858,3,0,70.0,24.0,55.0,0.7857142857142857,-0.5571428571428572,2.3285714285714287,2.8857142857142857,1957.0,3.0
1958,NHL,DET,DET,Detroit Red Wings,58,0.8285714285714286,6,0,70.0,29.0,70.0,1.0,-0.44285714285714284,2.5142857142857142,2.9571428571428573,1957.0,6.0
1958,NHL,MTL,MTL,Montreal Canadiens,91,1.3,1,0,70.0,43.0,96.0,1.3714285714285714,1.3142857142857143,3.5714285714285716,2.257142857142857,1957.0,1.0
1958,NHL,NYR,NYR,New York Rangers,64,0.9142857142857143,5,0,70.0,32.0,77.0,1.1,0.1,2.7857142857142856,2.6857142857142855,1957.0,5.0
1958,NHL,TOR,TOR,Toronto Maple Leafs,65,0.9285714285714286,4,1,70.0,21.0,53.0,0.7571428571428571,-0.4857142857142857,2.742857142857143,3.2285714285714286,1957.0,4.0
1959,NHL,BOS,BOS,Boston Bruins,64,0.9142857142857143,5,0,70.0,32.0,73.0,1.042857142857143,-0.14285714285714285,2.9285714285714284,3.0714285714285716,1958.0,5.0
1959,NHL,CHI,CHI,Chicago Black Hawks,69,0.9857142857142858,3,0,70.0,28.0,69.0,0.9857142857142858,-0.15714285714285714,2.8142857142857145,2.9714285714285715,1958.0,3.0
1959,NHL,DET,DET,Detroit Red Wings,67,0.9571428571428572,4,0,70.0,25.0,58.0,0.8285714285714286,-0.7285714285714285,2.3857142857142857,3.1142857142857143,1958.0,4.0
1959,NHL,MTL,MTL,Montreal Canadiens,92,1.3142857142857143,1,0,70.0,39.0,91.0,1.3,1.4285714285714286,3.6857142857142855,2.257142857142857,1958.0,1.0
1959,NHL,NYR,NYR,New York Rangers,49,0.7,6,1,70.0,26.0,64.0,0.9142857142857143,-0.22857142857142856,2.8714285714285714,3.1,1958.0,6.0
1959,NHL,TOR,TOR,Toronto Maple Leafs,79,1.1285714285714286,2,0,70.0,27.0,65.0,0.9285714285714286,-0.17142857142857143,2.7,2.8714285714285714,1958.0,2.0
1960,NHL,BOS,BOS,Boston Bruins,43,0.6142857142857143,6,0,70.0,28.0,64.0,0.9142857142857143,-0.3,3.142857142857143,3.442857142857143,1959.0,6.0
1960,NHL,CHI,CHI,Chicago Black Hawks,75,1.0714285714285714,3,0,70.0,28.0,69.0,0.9857142857142858,0.15714285714285714,2.7285714285714286,2.5714285714285716,1959.0,3.0
1960,NHL,DET,DET,Detroit Red Wings,66,0.9428571428571428,4,0,70.0,26.0,67.0,0.9571428571428572,-0.15714285714285714,2.657142857142857,2.8142857142857145,1959.0,4.0
1960,NHL,MTL,MTL,Montreal Canadiens,92,1.3142857142857143,1,0,70.0,40.0,92.0,1.3142857142857143,1.1,3.642857142857143,2.5428571428571427,1959.0,1.0
1960,NHL,NYR,NYR,New York Rangers,54,0.7714285714285715,5,0,70.0,17.0,49.0,0.7,-0.8571428571428571,2.6714285714285713,3.5285714285714285,1959.0,5.0
1960,NHL,TOR,TOR,Toronto Maple Leafs,90,1.2857142857142858,2,0,70.0,35.0,79.0,1.1285714285714286,0.05714285714285714,2.842857142857143,2.7857142857142856,1959.0,2.0
1961,NHL,BOS,BOS,Boston Bruins,38,0.5428571428571428,6,0,70.0,15.0,43.0,0.6142857142857143,-1.1142857142857143,2.5142857142857142,3.6285714285714286,1960.0,6.0
1961,NHL,CHI,CHI,Chicago Black Hawks,75,1.0714285714285714,3,0,70.0,29.0,75.0,1.0714285714285714,0.2571428571428571,2.8285714285714287,2.5714285714285716,1960.0,3.0
1961,NHL,DET,DET,Detroit Red Wings,60,0.8571428571428571,5,0,70.0,25.0,66.0,0.9428571428571428,-0.2857142857142857,2.7857142857142856,3.0714285714285716,1960.0,5.0
1961,NHL,MTL,MTL,Montreal Canadiens,98,1.4,1,0,70.0,41.0,92.0,1.3142857142857143,0.9428571428571428,3.6285714285714286,2.6857142857142855,1960.0,1.0
1961,NHL,NYR,NYR,New York Rangers,64,0.9142857142857143,4,0,70.0,22.0,54.0,0.7714285714285715,-0.6285714285714286,2.914285714285714,3.5428571428571427,1960.0,4.0
1961,NHL,TOR,TOR,Toronto Maple Leafs,85,1.2142857142857142,2,0,70.0,39.0,90.0,1.2857142857142858,0.8285714285714286,3.342857142857143,2.5142857142857142,1960.0,2.0
1962,NHL,BOS,BOS,Boston Bruins,45,0.6428571428571429,6,1,70.0,15.0,38.0,0.5428571428571428,-1.8428571428571427,2.5285714285714285,4.371428571428571,1961.0,6.0
1962,NHL,CHI,CHI,Chicago Black Hawks,81,1.1571428571428573,2,0,70.0,31.0,75.0,1.0714285714285714,0.44285714285714284,3.1,2.657142857142857,1961.0,2.0
1962,NHL,DET,DET,Detroit Red Wings,77,1.1,4,0,70.0,23.0,60.0,0.8571428571428571,-0.5,2.6285714285714286,3.1285714285714286,1961.0,4.0
1962,NHL,MTL,MTL,Montreal Canadiens,79,1.1285714285714286,3,0,70.0,42.0,98.0,1.4,1.3285714285714285,3.7,2.3714285714285714,1961.0,3.0
1962,NHL,NYR,NYR,New York Rangers,56,0.8,5,1,70.0,26.0,64.0,0.9142857142857143,-0.17142857142857143,2.7857142857142856,2.9571428571428573,1961.0,5.0
1962,NHL,TOR,TOR,Toronto Maple Leafs,82,1.1714285714285715,1,0,70.0,37.0,85.0,1.2142857142857142,0.7428571428571429,3.3142857142857145,2.5714285714285716,1961.0,1.0
1963,NHL,BOS,BOS,Boston Bruins,48,0.6857142857142857,6,0,70.0,14.0,45.0,0.6428571428571429,-1.1857142857142857,2.8285714285714287,4.014285714285714,1962.0,6.0
1963,NHL,CHI,CHI,Chicago Black Hawks,84,1.2,2,0,70.0,32.0,81.0,1.1571428571428573,0.22857142857142856,2.7714285714285714,2.5428571428571427,1962.0,2.0
1963,NHL,DET,DET,Detroit Red Wings,71,1.0142857142857142,4,0,70.0,32.0,77.0,1.1,0.08571428571428572,2.857142857142857,2.7714285714285714,1962.0,4.0
1963,NHL,MTL,MTL,Montreal Canadiens,85,1.2142857142857142,1,0,70.0,28.0,79.0,1.1285714285714286,0.6,3.2142857142857144,2.6142857142857143,1962.0,1.0
1963,NHL,NYR,NYR,New York Rangers,54,0.7714285714285715,5,0,70.0,22.0,56.0,0.8,-0.3142857142857143,3.0142857142857142,3.3285714285714287,1962.0,5.0
1963,NHL,TOR,TOR,Toronto Maple Leafs,78,1.1142857142857143,3,0,70.0,35.0,82.0,1.1714285714285715,0.5857142857142857,3.157142857142857,2.5714285714285716,1962.0,3.0
1964,NHL,BOS,BOS,Boston Bruins,48,0.6857142857142857,6,0,70.0,18.0,48.0,0.6857142857142857,-0.6,2.4285714285714284,3.0285714285714285,1963.0,6.0
1964,NHL,CHI,CHI,Chicago Black Hawks,76,1.0857142857142856,3,0,70.0,36.0,84.0,1.2,0.7,3.1142857142857143,2.414285714285714,1963.0,3.0
1964,NHL,DET,DET,Detroit Red Wings,87,1.2428571428571429,1,0,70.0,30.0,71.0,1.0142857142857142,-0.18571428571428572,2.7285714285714286,2.914285714285714,1963.0,1.0
1964,NHL,MTL,MTL,Montreal Canadiens,83,1.1857142857142857,2,0,70.0,36.0,85.0,1.2142857142857142,0.6,2.9857142857142858,2.3857142857142857,1963.0,2.0
1964,NHL,NYR,NYR,New York Rangers,52,0.7428571428571429,5,0,70.0,22.0,54.0,0.7714285714285715,-0.8,2.657142857142857,3.4571428571428573,1963.0,5.0
1964,NHL,TOR,TOR,Toronto Maple Leafs,74,1.0571428571428572,4,0,70.0,33.0,78.0,1.1142857142857143,0.2857142857142857,2.742857142857143,2.4571428571428573,1963.0,4.0
1965,NHL,BOS,BOS,Boston Bruins,48,0.6857142857142857,5,0,70.0,21.0,48.0,0.6857142857142857,-1.2428571428571429,2.3714285714285714,3.6142857142857143,1964.0,5.0
1965,NHL,CHI,CHI,Chicago Black Hawks,82,1.1714285714285715,2,0,70.0,34.0,76.0,1.0857142857142856,0.6857142857142857,3.2,2.5142857142857142,1964.0,2.0
1965,NHL,DET,DET,Detroit Red Wings,74,1.0571428571428572,4,0,70.0,40.0,87.0,1.2428571428571429,0.7,3.2,2.5,1964.0,4.0
1965,NHL,MTL,MTL,Montreal Canadiens,90,1.2857142857142858,1,0,70.0,36.0,83.0,1.1857142857142857,0.37142857142857144,3.0142857142857142,2.642857142857143,1964.0,1.0
1965,NHL,NYR,NYR,New York Rangers,47,0.6714285714285714,6,1,70.0,20.0,52.0,0.7428571428571429,-0.9571428571428572,2.557142857142857,3.5142857142857142,1964.0,6.0
1965,NHL,TOR,TOR,Toronto Maple Leafs,79,1.1285714285714286,3,0,70.0,30.0,74.0,1.0571428571428572,0.44285714285714284,2.914285714285714,2.4714285714285715,1964.0,3.0
1966,NHL,BOS,BOS,Boston Bruins,44,0.6285714285714286,6,0,70.0,21.0,48.0,0.6857142857142857,-1.4428571428571428,2.4857142857142858,3.9285714285714284,1965.0,6.0
1966,NHL,CHI,CHI,Chicago Black Hawks,94,1.3428571428571427,1,0,70.0,37.0,82.0,1.1714285714285715,0.7571428571428571,3.4285714285714284,2.6714285714285713,1965.0,1.0
1966,NHL,DET,DET,Detroit Red Wings,58,0.8285714285714286,5,0,70.0,31.0,74.0,1.0571428571428572,0.38571428571428573,3.157142857142857,2.7714285714285714,1965.0,5.0
1966,NHL,MTL,MTL,Montreal Canadiens,77,1.1,2,0,70.0,41.0,90.0,1.2857142857142858,0.9428571428571428,3.414285714285714,2.4714285714285715,1965.0,2.0
1966,NHL,NYR,NYR,New York Rangers,72,1.0285714285714285,4,0,70.0,18.0,47.0,0.6714285714285714,-0.9428571428571428,2.7857142857142856,3.7285714285714286,1965.0,4.0
1966,NHL,TOR,TOR,Toronto Maple Leafs,75,1.0714285714285714,3,0,70.0,34.0,79.0,1.1285714285714286,0.3,2.9714285714285715,2.6714285714285713,1965.0,3.0
1967,NHL,BOS,BOS,Boston Bruins,84,1.135135135135135,3,0,70.0,17.0,44.0,0.6285714285714286,-1.0142857142857142,2.6,3.6142857142857143,1966.0,3.0
1967,NHL,CHI,CHI,Chicago Black Hawks,80,1.0810810810810811,4,0,70.0,41.0,94.0,1.3428571428571427,1.3428571428571427,3.7714285714285714,2.4285714285714284,1966.0,4.0
1967,NHL,DET,DET,Detroit Red Wings,66,0.8918918918918919,6,0,70.0,27.0,58.0,0.8285714285714286,-0.4142857142857143,3.0285714285714285,3.442857142857143,1966.0,11.0
1967,NHL,LAK,LAK,Los Angeles Kings,72,0.972972972972973,2,0,,,,,,,,,7.0
1967,NHL,MNS,DAL,Minnesota North Stars,69,0.9324324324324325,4,0,,,,,,,,,9.0
1967,NHL,MTL,MTL,Montreal Canadiens,94,1.2702702702702702,1,0,70.0,32.0,77.0,1.1,0.2,2.8857142857142857,2.6857142857142855,1966.0,1.0
1967,NHL,NYR,NYR,New York Rangers,90,1.2162162162162162,2,0,70.0,30.0,72.0,1.0285714285714285,-0.014285714285714285,2.6857142857142855,2.7,1966.0,2.0
1967,NHL,OAK,CLE,Oakland Seals,47,0.6351351351351351,6,1,,,,,,,,,12.0
1967,NHL,PHI,PHI,Philadelphia Flyers,73,0.9864864864864865,1,0,,,,,,,,,6.0
1967,NHL,PIT,PIT,Pittsburgh Penguins,67,0.9054054054054054,5,0,,,,,,,,,10.0
1967,NHL,STL,STL,St. Louis Blues,70,0.9459459459459459,3,1,,,,,,,,,8.0
1967,NHL,TOR,TOR,Toronto Maple Leafs,76,1.027027027027027,5,0,70.0,32.0,75.0,1.0714285714285714,-0.1,2.914285714285714,3.0142857142857142,1966.0,5.0
1968,NHL,BOS,BOS,Boston Bruins,100,1.3157894736842106,2,0,74.0,37.0,84.0,1.135135135135135,0.581081081081081,3.5,2.918918918918919,1967.0,2.0
1968,NHL,CHI,CHI,Chicago Black Hawks,77,1.013157894736842,6,0,74.0,32.0,80.0,1.0810810810810811,-0.13513513513513514,2.864864864864865,3.0,1967.0,7.0
1968,NHL,DET,DET,Detroit Red Wings,78,1.0263157894736843,5,0,74.0,27.0,66.0,0.8918918918918919,-0.16216216216216217,3.310810810810811,3.472972972972973,1967.0,6.0
1968,NHL,LAK,LAK,Los Angeles Kings,58,0.7631578947368421,4,0,74.0,31.0,72.0,0.972972972972973,-0.32432432432432434,2.7027027027027026,3.027027027027027,1967.0,10.0
1968,NHL,MNS,DAL,Minnesota North Stars,51,0.6710526315789473,6,1,74.0,27.0,69.0,0.9324324324324325,-0.47297297297297297,2.581081081081081,3.054054054054054,1967.0,11.0
1968,NHL,MTL,MTL,Montreal Canadiens,103,1.355263157894737,1,0,74.0,42.0,94.0,1.2702702702702702,0.9324324324324325,3.189189189189189,2.2567567567567566,1967.0,1.0
1968,NHL,NYR,NYR,New York Rangers,91,1.1973684210526316,3,1,74.0,39.0,90.0,1.2162162162162162,0.581081081081081,3.054054054054054,2.472972972972973,1967.0,3.0
1968,NHL,OAK,CLE,Oakland Seals,69,0.9078947368421053,2,0,74.0,15.0,47.0,0.6351351351351351,-0.8918918918918919,2.0675675675675675,2.9594594594594597,1967.0,8.0
1968,NHL,PHI,PHI,Philadelphia Flyers,61,0.8026315789473685,3,0,74.0,31.0,73.0,0.9864864864864865,-0.08108108108108109,2.3378378378378377,2.418918918918919,1967.0,9.0
1968,NHL,PIT,PIT,Pittsburgh Penguins,51,0.6710526315789473,5,0,74.0,27.0,67.0,0.9054054054054054,-0.28378378378378377,2.635135135135135,2.918918918918919,1967.0,11.0
1968,NHL,STL,STL,St. Louis Blues,88,1.1578947368421053,1,0,74.0,27.0,70.0,0.9459459459459459,-0.1891891891891892,2.391891891891892,2.581081081081081,1967.0,4.0
1968,NHL,TOR,TOR,Toronto Maple Leafs,85,1.118421052631579,4,0,74.0,33.0,76.0,1.027027027027027,0.44594594594594594,2.824324324324324,2.3783783783783785,1967.0,5.0
1969,NHL,BOS,BOS,Boston Bruins,99,1.3026315789473684,2,0,76.0,42.0,100.0,1.3157894736842106,1.0789473684210527,3.986842105263158,2.9078947368421053,1968.0,1.0
1969,NHL,CHI,CHI,Chicago Black Hawks,99,1.3026315789473684,1,0,76.0,34.0,77.0,1.013157894736842,0.4473684210526316,3.6842105263157894,3.236842105263158,1968.0,1.0
1969,NHL,DET,DET,Detroit Red Wings,95,1.25,3,1,76.0,33.0,78.0,1.0263157894736843,0.23684210526315788,3.1447368421052633,2.9078947368421053,1968.0,3.0
1969,NHL,LAK,LAK,Los Angeles Kings,38,0.5,6,1,76.0,24.0,58.0,0.7631578947368421,-0.9868421052631579,2.4342105263157894,3.4210526315789473,1968.0,12.0
1969,NHL,MNS,DAL,Minnesota North Stars,60,0.7894736842105263,3,1,76.0,18.0,51.0,0.6710526315789473,-1.0657894736842106,2.486842105263158,3.5526315789473686,1968.0,9.0
1969,NHL,MTL,MTL,Montreal Canadiens,92,1.2105263157894737,5,0,76.0,46.0,103.0,1.355263157894737,0.9078947368421053,3.5657894736842106,2.6578947368421053,1968.0,4.0
1969,NHL,NYR,NYR,New York Rangers,92,1.2105263157894737,4,0,76.0,41.0,91.0,1.1973684210526316,0.4605263157894737,3.039473684210526,2.5789473684210527,1968.0,4.0
1969,NHL,OAK,CLE,Oakland Seals,58,0.7631578947368421,4,0,76.0,29.0,69.0,0.9078947368421053,-0.42105263157894735,2.8815789473684212,3.3026315789473686,1968.0,10.0
1969,NHL,PHI,PHI,Philadelphia Flyers,58,0.7631578947368421,5,0,76.0,20.0,61.0,0.8026315789473685,-0.6710526315789473,2.289473684210526,2.960526315789474,1968.0,10.0
1969,NHL,PIT,PIT,Pittsburgh Penguins,64,0.8421052631578947,2,0,76.0,20.0,51.0,0.6710526315789473,-0.8289473684210527,2.486842105263158,3.3157894736842106,1968.0,8.0
1969,NHL,STL,STL,St. Louis Blues,86,1.131578947368421,1,0,76.0,37.0,88.0,1.1578947368421053,0.618421052631579,2.6842105263157894,2.0657894736842106,1968.0,6.0
1969,NHL,TOR,TOR,Toronto Maple Leafs,71,0.9342105263157895,6,0,76.0,35.0,85.0,1.118421052631579,0.2236842105263158,3.0789473684210527,2.8552631578947367,1968.0,7.0
1970,NHL,BOS,BOS,Boston Bruins,121,1.5512820512820513,1,0,76.0,40.0,99.0,1.3026315789473684,0.8026315789473685,3.6447368421052633,2.8421052631578947,1969.0,1.0
1970,NHL,BUF,BUF,Buffalo Sabres,63,0.8076923076923077,5,0,,,,,,,,,9.0
1970,NHL,CHI,CHI,Chicago Black Hawks,107,1.3717948717948718,1,0,76.0,45.0,99.0,1.3026315789473684,1.0526315789473684,3.289473684210526,2.236842105263158,1969.0,3.0
1970,NHL,CLF,CLE,California Golden Seals,45,0.5769230769230769,7,0,76.0,22.0,58.0,0.7631578947368421,-0.9736842105263158,2.223684210526316,3.1973684210526314,1969.0,14.0
1970,NHL,DET,DET,Detroit Red Wings,55,0.7051282051282052,7,1,76.0,40.0,95.0,1.25,0.618421052631579,3.236842105263158,2.6184210526315788,1969.0,13.0
1970,NHL,LAK,LAK,Los Angeles Kings,63,0.8076923076923077,5,0,76.0,14.0,38.0,0.5,-1.605263157894737,2.210526315789474,3.8157894736842106,1969.0,9.0
1970,NHL,MNS,DAL,Minnesota North Stars,72,0.9230769230769231,4,0,76.0,19.0,60.0,0.7894736842105263,-0.4342105263157895,2.9473684210526314,3.3815789473684212,1969.0,8.0
1970,NHL,MTL,MTL,Montreal Canadiens,97,1.2435897435897436,3,1,76.0,38.0,92.0,1.2105263157894737,0.5657894736842105,3.210526315789474,2.6447368421052633,1969.0,4.0
1970,NHL,NYR,NYR,New York Rangers,109,1.3974358974358974,2,0,76.0,38.0,92.0,1.2105263157894737,0.75,3.236842105263158,2.486842105263158,1969.0,2.0
1970,NHL,PHI,PHI,Philadelphia Flyers,73,0.9358974358974359,3,0,76.0,17.0,58.0,0.7631578947368421,-0.3684210526315789,2.5921052631578947,2.960526315789474,1969.0,7.0
1970,NHL,PIT,PIT,Pittsburgh Penguins,62,0.7948717948717948,6,0,76.0,26.0,64.0,0.8421052631578947,-0.7368421052631579,2.3947368421052633,3.1315789473684212,1969.0,11.0
1970,NHL,STL,STL,St. Louis Blues,87,1.1153846153846154,2,1,76.0,37.0,86.0,1.131578947368421,0.5921052631578947,2.9473684210526314,2.3552631578947367,1969.0,5.0
1970,NHL,TOR,TOR,Toronto Maple Leafs,82,1.0512820512820513,4,0,76.0,29.0,71.0,0.9342105263157895,-0.2631578947368421,2.9210526315789473,3.1842105263157894,1969.0,6.0
1970,NHL,VAN,VAN,Vancouver Canucks,56,0.717948717948718,6,0,,,,,,,,,12.0
1971,NHL,BOS,BOS,Boston Bruins,119,1.5256410256410255,1,0,78.0,57.0,121.0,1.5512820512820513,2.4615384615384617,5.115384615384615,2.6538461538461537,1970.0,1.0
1971,NHL,BUF,BUF,Buffalo Sabres,51,0.6538461538461539,6,1,78.0,24.0,63.0,0.8076923076923077,-0.9487179487179487,2.782051282051282,3.730769230769231,1970.0,12.0
1971,NHL,CHI,CHI,Chicago Black Hawks,107,1.3717948717948718,1,0,78.0,49.0,107.0,1.3717948717948718,1.1923076923076923,3.551282051282051,2.358974358974359,1970.0,4.0
1971,NHL,CLF,CLE,California Golden Seals,60,0.7692307692307693,6,1,78.0,20.0,45.0,0.5769230769230769,-1.5512820512820513,2.551282051282051,4.102564102564102,1970.0,11.0
1971,NHL,DET,DET,Detroit Red Wings,76,0.9743589743589743,5,1,78.0,22.0,55.0,0.7051282051282052,-1.2692307692307692,2.6794871794871793,3.948717948717949,1970.0,7.0
1971,NHL,LAK,LAK,Los Angeles Kings,49,0.6282051282051282,7,1,78.0,25.0,63.0,0.8076923076923077,-0.8205128205128205,3.0641025641025643,3.8846153846153846,1970.0,13.0
1971,NHL,MNS,DAL,Minnesota North Stars,86,1.1025641025641026,2,0,78.0,28.0,72.0,0.9230769230769231,-0.41025641025641024,2.448717948717949,2.858974358974359,1970.0,5.0
1971,NHL,MTL,MTL,Montreal Canadiens,108,1.3846153846153846,3,0,78.0,42.0,97.0,1.2435897435897436,0.9615384615384616,3.730769230769231,2.769230769230769,1970.0,3.0
1971,NHL,NYR,NYR,New York Rangers,109,1.3974358974358974,2,0,78.0,49.0,109.0,1.3974358974358974,1.0512820512820513,3.3205128205128207,2.269230769230769,1970.0,2.0
1971,NHL,PHI,PHI,Philadelphia Flyers,66,0.8461538461538461,5,0,78.0,28.0,73.0,0.9358974358974359,-0.23076923076923078,2.6538461538461537,2.8846153846153846,1970.0,9.0
1971,NHL,PIT,PIT,Pittsburgh Penguins,66,0.8461538461538461,4,0,78.0,21.0,62.0,0.7948717948717948,-0.24358974358974358,2.8333333333333335,3.076923076923077,1970.0,9.0
1971,NHL,STL,STL,St. Louis Blues,67,0.8589743589743589,3,1,78.0,34.0,87.0,1.1153846153846154,0.19230769230769232,2.858974358974359,2.6666666666666665,1970.0,8.0
1971,NHL,TOR,TOR,Toronto Maple Leafs,80,1.0256410256410255,4,0,78.0,37.0,82.0,1.0512820512820513,0.47435897435897434,3.1794871794871793,2.7051282051282053,1970.0,6.0
1971,NHL,VAN,VAN,Vancouver Canucks,48,0.6153846153846154,7,0,78.0,24.0,56.0,0.717948717948718,-0.8589743589743589,2.9358974358974357,3.7948717948717947,1970.0,14.0
1972,NHL,ATF,CAL,Atlanta Flames,65,0.8333333333333334,7,0,,,,,,,,,12.0
1972,NHL,BOS,BOS,Boston Bruins,107,1.3717948717948718,2,1,78.0,54.0,119.0,1.5256410256410255,1.6153846153846154,4.230769230769231,2.6153846153846154,1971.0,2.0
1972,NHL,BUF,BUF,Buffalo Sabres,88,1.1282051282051282,4,0,78.0,16.0,51.0,0.6538461538461539,-1.1025641025641026,2.6025641025641026,3.7051282051282053,1971.0,5.0
1972,NHL,CHI,CHI,Chicago Black Hawks,93,1.1923076923076923,1,0,78.0,46.0,107.0,1.3717948717948718,1.1538461538461537,3.282051282051282,2.128205128205128,1971.0,4.0
1972,NHL,CLF,CLE,California Golden Seals,48,0.6153846153846154,8,1,78.0,21.0,60.0,0.7692307692307693,-0.9230769230769231,2.769230769230769,3.6923076923076925,1971.0,15.0
1972,NHL,DET,DET,Detroit Red Wings,86,1.1025641025641026,5,0,78.0,33.0,76.0,0.9743589743589743,-0.01282051282051282,3.3461538461538463,3.358974358974359,1971.0,6.0
1972,NHL,LAK,LAK,Los Angeles Kings,73,0.9358974358974359,6,0,78.0,20.0,49.0,0.6282051282051282,-1.2692307692307692,2.641025641025641,3.91025641025641,1971.0,10.0
1972,NHL,MNS,DAL,Minnesota North Stars,85,1.0897435897435896,3,0,78.0,37.0,86.0,1.1025641025641026,0.2692307692307692,2.717948717948718,2.448717948717949,1971.0,7.0
1972,NHL,MTL,MTL,Montreal Canadiens,120,1.5384615384615385,1,0,78.0,46.0,108.0,1.3846153846153846,1.3076923076923077,3.9358974358974357,2.628205128205128,1971.0,1.0
1972,NHL,NYI,NYI,New York Islanders,30,0.38461538461538464,8,1,,,,,,,,,16.0
1972,NHL,NYR,NYR,New York Rangers,102,1.3076923076923077,3,0,78.0,48.0,109.0,1.3974358974358974,1.6025641025641026,4.064102564102564,2.4615384615384617,1971.0,3.0
1972,NHL,PHI,PHI,Philadelphia Flyers,85,1.0897435897435896,2,0,78.0,26.0,66.0,0.8461538461538461,-0.46153846153846156,2.5641025641025643,3.0256410256410255,1971.0,7.0
1972,NHL,PIT,PIT,Pittsburgh Penguins,73,0.9358974358974359,5,1,78.0,26.0,66.0,0.8461538461538461,-0.48717948717948717,2.8205128205128207,3.3076923076923075,1971.0,10.0
1972,NHL,STL,STL,St. Louis Blues,76,0.9743589743589743,4,1,78.0,28.0,67.0,0.8589743589743589,-0.5,2.6666666666666665,3.1666666666666665,1971.0,9.0
1972,NHL,TOR,TOR,Toronto Maple Leafs,64,0.8205128205128205,6,0,78.0,33.0,80.0,1.0256410256410255,0.01282051282051282,2.6794871794871793,2.6666666666666665,1971.0,13.0
1972,NHL,VAN,VAN,Vancouver Canucks,53,0.6794871794871795,7,0,78.0,20.0,48.0,0.6153846153846154,-1.205128205128205,2.6025641025641026,3.8076923076923075,1971.0,14.0
1973,NHL,ATF,CAL,Atlanta Flames,74,0.9487179487179487,4,0,78.0,25.0,65.0,0.8333333333333334,-0.6153846153846154,2.448717948717949,3.0641025641025643,1972.0,9.0
1973,NHL,BOS,BOS,Boston Bruins,113,1.4487179487179487,1,0,78.0,51.0,107.0,1.3717948717948718,1.2179487179487178,4.230769230769231,3.0128205128205128,1972.0,1.0
1973,NHL,BUF,BUF,Buffalo Sabres,76,0.9743589743589743,5,0,78.0,37.0,88.0,1.1282051282051282,0.48717948717948717,3.2948717948717947,2.8076923076923075,1972.0,8.0
1973,NHL,CHI,CHI,Chicago Black Hawks,105,1.3461538461538463,2,0,78.0,42.0,93.0,1.1923076923076923,0.7564102564102564,3.641025641025641,2.8846153846153846,1972.0,3.0
1973,NHL,CLF,CLE,California Golden Seals,36,0.46153846153846156,8,1,78.0,16.0,48.0,0.6153846153846154,-1.4102564102564104,2.730769230769231,4.141025641025641,1972.0,16.0
1973,NHL,DET,DET,Detroit Red Wings,68,0.8717948717948718,6,1,78.0,37.0,86.0,1.1025641025641026,0.28205128205128205,3.3974358974358974,3.1153846153846154,1972.0,10.0
1973,NHL,LAK,LAK,Los Angeles Kings,78,1.0,3,0,78.0,31.0,73.0,0.9358974358974359,-0.16666666666666666,2.9743589743589745,3.141025641025641,1972.0,7.0
1973,NHL,MNS,DAL,Minnesota North Stars,63,0.8076923076923077,7,1,78.0,37.0,85.0,1.0897435897435896,0.3076923076923077,3.2564102564102564,2.948717948717949,1972.0,13.0
1973,NHL,MTL,MTL,Montreal Canadiens,99,1.2692307692307692,2,0,78.0,52.0,120.0,1.5384615384615385,1.858974358974359,4.217948717948718,2.358974358974359,1972.0,4.0
1973,NHL,NYI,NYI,New York Islanders,56,0.717948717948718,8,0,78.0,12.0,30.0,0.38461538461538464,-2.269230769230769,2.1794871794871793,4.448717948717949,1972.0,15.0
1973,NHL,NYR,NYR,New York Rangers,94,1.205128205128205,3,1,78.0,47.0,102.0,1.3076923076923077,1.141025641025641,3.8076923076923075,2.6666666666666665,1972.0,5.0
1973,NHL,PHI,PHI,Philadelphia Flyers,112,1.435897435897436,1,0,78.0,37.0,85.0,1.0897435897435896,0.5128205128205128,3.7948717948717947,3.282051282051282,1972.0,2.0
1973,NHL,PIT,PIT,Pittsburgh Penguins,65,0.8333333333333334,5,1,78.0,32.0,73.0,0.9358974358974359,-0.10256410256410256,3.2948717948717947,3.3974358974358974,1972.0,11.0
1973,NHL,STL,STL,St. Louis Blues,64,0.8205128205128205,6,1,78.0,32.0,76.0,0.9743589743589743,-0.23076923076923078,2.9871794871794872,3.217948717948718,1972.0,12.0
1973,NHL,TOR,TOR,Toronto Maple Leafs,86,1.1025641025641026,4,0,78.0,27.0,64.0,0.8205128205128205,-0.41025641025641024,3.1666666666666665,3.576923076923077,1972.0,6.0
1973,NHL,VAN,VAN,Vancouver Canucks,59,0.7564102564102564,7,1,78.0,22.0,53.0,0.6794871794871795,-1.358974358974359,2.9871794871794872,4.346153846153846,1972.0,14.0
1974,NHL,ATF,CAL,Atlanta Flames,83,1.0375,4,1,78.0,30.0,74.0,0.9487179487179487,-0.3076923076923077,2.7435897435897436,3.051282051282051,1973.0,11.0
1974,NHL,BOS,BOS,Boston Bruins,94,1.175,2,0,78.0,52.0,113.0,1.4487179487179487,1.641025641025641,4.4743589743589745,2.8333333333333335,1973.0,5.0
1974,NHL,BUF,BUF,Buffalo Sabres,113,1.4125,1,0,78.0,32.0,76.0,0.9743589743589743,-0.10256410256410256,3.1025641025641026,3.2051282051282053,1973.0,1.0
1974,NHL,CHI,CHI,Chicago Black Hawks,82,1.025,3,0,78.0,41.0,105.0,1.3461538461538463,1.3846153846153846,3.4871794871794872,2.1025641025641026,1973.0,12.0
1974,NHL,CLF,CLE,California Golden Seals,51,0.6375,4,1,78.0,13.0,36.0,0.46153846153846156,-1.8846153846153846,2.5,4.384615384615385,1973.0,16.0
1974,NHL,DET,DET,Detroit Red Wings,58,0.725,4,0,78.0,29.0,68.0,0.8717948717948718,-0.8205128205128205,3.269230769230769,4.089743589743589,1973.0,14.0
1974,NHL,KCS,NJD,Kansas City Scouts,41,0.5125,5,0,,,,,,,,,17.0
1974,NHL,LAK,LAK,Los Angeles Kings,105,1.3125,2,0,78.0,33.0,78.0,1.0,0.02564102564102564,2.9871794871794872,2.9615384615384617,1973.0,4.0
1974,NHL,MNS,DAL,Minnesota North Stars,53,0.6625,4,1,78.0,23.0,63.0,0.8076923076923077,-0.5128205128205128,3.0128205128205128,3.5256410256410255,1973.0,15.0
1974,NHL,MTL,MTL,Montreal Canadiens,113,1.4125,1,0,78.0,45.0,99.0,1.2692307692307692,0.6794871794871795,3.7564102564102564,3.076923076923077,1973.0,1.0
1974,NHL,NYI,NYI,New York Islanders,88,1.1,3,0,78.0,19.0,56.0,0.717948717948718,-0.8333333333333334,2.3333333333333335,3.1666666666666665,1973.0,7.0
1974,NHL,NYR,NYR,New York Rangers,88,1.1,2,0,78.0,40.0,94.0,1.205128205128205,0.6282051282051282,3.8461538461538463,3.217948717948718,1973.0,7.0
1974,NHL,PHI,PHI,Philadelphia Flyers,113,1.4125,1,0,78.0,50.0,112.0,1.435897435897436,1.3974358974358974,3.5,2.1025641025641026,1973.0,1.0
1974,NHL,PIT,PIT,Pittsburgh Penguins,89,1.1125,3,0,78.0,28.0,65.0,0.8333333333333334,-0.3974358974358974,3.1025641025641026,3.5,1973.0,6.0
1974,NHL,STL,STL,St. Louis Blues,84,1.05,2,1,78.0,26.0,64.0,0.8205128205128205,-0.5384615384615384,2.641025641025641,3.1794871794871793,1973.0,10.0
1974,NHL,TOR,TOR,Toronto Maple Leafs,78,0.975,3,0,78.0,35.0,86.0,1.1025641025641026,0.5641025641025641,3.5128205128205128,2.948717948717949,1973.0,13.0
1974,NHL,VAN,VAN,Vancouver Canucks,86,1.075,1,0,78.0,24.0,59.0,0.7564102564102564,-0.9230769230769231,2.871794871794872,3.7948717948717947,1973.0,9.0
1974,NHL,WAS,WAS,Washington Capitals,21,0.2625,5,1,,,,,,,,,18.0
1975,NHL,ATF,CAL,Atlanta Flames,82,1.025,3,0,80.0,34.0,83.0,1.0375,0.125,3.0375,2.9125,1974.0,8.0
1975,NHL,BOS,BOS,Boston Bruins,113,1.4125,1,0,80.0,40.0,94.0,1.175,1.25,4.3125,3.0625,1974.0,3.0
1975,NHL,BUF,BUF,Buffalo Sabres,105,1.3125,2,0,80.0,49.0,113.0,1.4125,1.425,4.425,3.0,1974.0,4.0
1975,NHL,CHI,CHI,Chicago Black Hawks,82,1.025,1,0,80.0,37.0,82.0,1.025,0.3375,3.35,3.0125,1974.0,8.0
1975,NHL,CLF,CLE,California Golden Seals,65,0.8125,4,0,80.0,19.0,51.0,0.6375,-1.3,2.65,3.95,1974.0,14.0
1975,NHL,DET,DET,Detroit Red Wings,62,0.775,4,1,80.0,23.0,58.0,0.725,-0.95,3.2375,4.1875,1974.0,15.0
1975,NHL,KCS,NJD,Kansas City Scouts,36,0.45,5,1,80.0,15.0,41.0,0.5125,-1.8,2.3,4.1,1974.0,17.0
1975,NHL,LAK,LAK,Los Angeles Kings,85,1.0625,2,0,80.0,42.0,105.0,1.3125,1.05,3.3625,2.3125,1974.0,6.0
1975,NHL,MNS,DAL,Minnesota North Stars,47,0.5875,4,0,80.0,23.0,53.0,0.6625,-1.5,2.7625,4.2625,1974.0,16.0
1975,NHL,MTL,MTL,Montreal Canadiens,127,1.5875,1,0,80.0,47.0,113.0,1.4125,1.8625,4.675,2.8125,1974.0,1.0
1975,NHL,NYI,NYI,New York Islanders,101,1.2625,2,0,80.0,33.0,88.0,1.1,0.5375,3.3,2.7625,1974.0,5.0
1975,NHL,NYR,NYR,New York Rangers,67,0.8375,4,1,80.0,37.0,88.0,1.1,0.5375,3.9875,3.45,1974.0,13.0
1975,NHL,PHI,PHI,Philadelphia Flyers,118,1.475,1,0,80.0,51.0,113.0,1.4125,1.4,3.6625,2.2625,1974.0,2.0
1975,NHL,PIT,PIT,Pittsburgh Penguins,82,1.025,3,1,80.0,37.0,89.0,1.1125,0.4625,4.075,3.6125,1974.0,8.0
1975,NHL,STL,STL,St. Louis Blues,72,0.9,3,1,80.0,35.0,84.0,1.05,0.025,3.3625,3.3375,1974.0,12.0
1975,NHL,TOR,TOR,Toronto Maple Leafs,83,1.0375,3,0,80.0,31.0,78.0,0.975,-0.3625,3.5,3.8625,1974.0,7.0
1975,NHL,VAN,VAN,Vancouver Canucks,81,1.0125,2,0,80.0,38.0,86.0,1.075,0.2125,3.3875,3.175,1974.0,11.0
1975,NHL,WAS,WAS,Washington Capitals,32,0.4,5,1,80.0,8.0,21.0,0.2625,-3.3125,2.2625,5.575,1974.0,18.0
1976,NHL,ATF,CAL,Atlanta Flames,80,1.0,3,0,80.0,35.0,82.0,1.025,0.3125,3.275,2.9625,1975.0,9.0
1976,NHL,BOS,BOS,Boston Bruins,106,1.325,1,0,80.0,48.0,113.0,1.4125,0.95,3.9125,2.9625,1975.0,3.0
1976,NHL,BUF,BUF,Buffalo Sabres,104,1.3,2,0,80.0,46.0,105.0,1.3125,1.2375,4.2375,3.0,1975.0,5.0
1976,NHL,CHI,CHI,Chicago Black Hawks,63,0.7875,3,1,80.0,32.0,82.0,1.025,-0.0875,3.175,3.2625,1975.0,13.0
1976,NHL,CLE,CLE,Cleveland Barons,63,0.7875,4,0,80.0,27.0,65.0,0.8125,-0.35,3.125,3.475,1975.0,13.0
1976,NHL,COR,NJD,Colorado Rockies,54,0.675,5,0,80.0,12.0,36.0,0.45,-2.0125,2.375,4.3875,1975.0,17.0
1976,NHL,DET,DET,Detroit Red Wings,41,0.5125,5,1,80.0,26.0,62.0,0.775,-0.925,2.825,3.75,1975.0,18.0
1976,NHL,LAK,LAK,Los Angeles Kings,83,1.0375,2,0,80.0,38.0,85.0,1.0625,-0.025,3.2875,3.3125,1975.0,6.0
1976,NHL,MNS,DAL,Minnesota North Stars,64,0.8,2,0,80.0,20.0,47.0,0.5875,-1.35,2.4375,3.7875,1975.0,12.0
1976,NHL,MTL,MTL,Montreal Canadiens,132,1.65,1,0,80.0,58.0,127.0,1.5875,2.0375,4.2125,2.175,1975.0,1.0
1976,NHL,NYI,NYI,New York Islanders,106,1.325,2,0,80.0,42.0,101.0,1.2625,1.3375,3.7125,2.375,1975.0,3.0
1976,NHL,NYR,NYR,New York Rangers,72,0.9,4,0,80.0,29.0,67.0,0.8375,-0.8875,3.275,4.1625,1975.0,11.0
1976,NHL,PHI,PHI,Philadelphia Flyers,112,1.4,1,0,80.0,51.0,118.0,1.475,1.7375,4.35,2.6125,1975.0,2.0
1976,NHL,PIT,PIT,Pittsburgh Penguins,81,1.0125,3,0,80.0,35.0,82.0,1.025,0.45,4.2375,3.7875,1975.0,7.0
1976,NHL,STL,STL,St. Louis Blues,73,0.9125,1,0,80.0,29.0,72.0,0.9,-0.5125,3.1125,3.625,1975.0,10.0
1976,NHL,TOR,TOR,Toronto Maple Leafs,81,1.0125,3,0,80.0,34.0,83.0,1.0375,0.225,3.675,3.45,1975.0,7.0
1976,NHL,VAN,VAN,Vancouver Canucks,63,0.7875,4,1,80.0,33.0,81.0,1.0125,-0.0125,3.3875,3.4,1975.0,13.0
1976,NHL,WAS,WAS,Washington Capitals,62,0.775,4,0,80.0,11.0,32.0,0.4,-2.125,2.8,4.925,1975.0,16.0
1977,NHL,ATF,CAL,Atlanta Flames,87,1.0875,3,0,80.0,34.0,80.0,1.0,-0.0125,3.3,3.3125,1976.0,7.0
1977,NHL,BOS,BOS,Boston Bruins,113,1.4125,1,0,80.0,49.0,106.0,1.325,0.9,3.9,3.0,1976.0,2.0
1977,NHL,BUF,BUF,Buffalo Sabres,105,1.3125,2,0,80.0,48.0,104.0,1.3,1.0125,3.7625,2.75,1976.0,4.0
1977,NHL,CHI,CHI,Chicago Black Hawks,83,1.0375,1,0,80.0,26.0,63.0,0.7875,-0.725,3.0,3.725,1976.0,8.0
1977,NHL,CLE,CLE,Cleveland Barons,57,0.7125,4,0,80.0,25.0,63.0,0.7875,-0.65,3.0,3.65,1976.0,14.0
1977,NHL,COR,NJD,Colorado Rockies,59,0.7375,2,0,80.0,20.0,54.0,0.675,-1.0125,2.825,3.8375,1976.0,13.0
1977,NHL,DET,DET,Detroit Red Wings,78,0.975,2,0,80.0,16.0,41.0,0.5125,-1.575,2.2875,3.8625,1976.0,9.0
1977,NHL,LAK,LAK,Los Angeles Kings,77,0.9625,3,0,80.0,34.0,83.0,1.0375,0.375,3.3875,3.0125,1976.0,10.0
1977,NHL,MNS,DAL,Minnesota North Stars,45,0.5625,5,1,80.0,23.0,64.0,0.8,-0.875,3.0,3.875,1976.0,18.0
1977,NHL,MTL,MTL,Montreal Canadiens,129,1.6125,1,0,80.0,60.0,132.0,1.65,2.7,4.8375,2.1375,1976.0,1.0
1977,NHL,NYI,NYI,New York Islanders,111,1.3875,1,0,80.0,47.0,106.0,1.325,1.1875,3.6,2.4125,1976.0,3.0
1977,NHL,NYR,NYR,New York Rangers,73,0.9125,4,0,80.0,29.0,72.0,0.9,-0.475,3.4,3.875,1976.0,11.0
1977,NHL,PHI,PHI,Philadelphia Flyers,105,1.3125,2,0,80.0,48.0,112.0,1.4,1.375,4.0375,2.6625,1976.0,4.0
1977,NHL,PIT,PIT,Pittsburgh Penguins,68,0.85,4,0,80.0,34.0,81.0,1.0125,-0.15,3.0,3.15,1976.0,12.0
1977,NHL,STL,STL,St. Louis Blues,53,0.6625,4,1,80.0,32.0,73.0,0.9125,-0.4625,2.9875,3.45,1976.0,16.0
1977,NHL,TOR,TOR,Toronto Maple Leafs,92,1.15,3,0,80.0,33.0,81.0,1.0125,0.2,3.7625,3.5625,1976.0,6.0
1977,NHL,VAN,VAN,Vancouver Canucks,57,0.7125,3,0,80.0,25.0,63.0,0.7875,-0.7375,2.9375,3.675,1976.0,14.0
1977,NHL,WAS,WAS,Washington Capitals,48,0.6,5,0,80.0,24.0,62.0,0.775,-1.075,2.7625,3.8375,1976.0,17.0
1978,NHL,ATF,CAL,Atlanta Flames,90,1.125,4,0,80.0,34.0,87.0,1.0875,0.275,3.425,3.15,1977.0,6.0
1978,NHL,BOS,BOS,Boston Bruins,100,1.25,1,0,80.0,51.0,113.0,1.4125,1.4375,4.1625,2.725,1977.0,3.0
1978,NHL,BUF,BUF,Buffalo Sabres,88,1.1,2,1,80.0,44.0,105.0,1.3125,0.9125,3.6,2.6875,1977.0,7.0
1978,NHL,CHI,CHI,Chicago Black Hawks,73,0.9125,1,0,80.0,32.0,83.0,1.0375,0.125,2.875,2.75,1977.0,11.0
1978,NHL,COR,NJD,Colorado Rockies,42,0.525,4,1,80.0,19.0,59.0,0.7375,-0.6,3.2125,3.8125,1977.0,17.0
1978,NHL,DET,DET,Detroit Red Wings,62,0.775,5,0,80.0,32.0,78.0,0.975,-0.175,3.15,3.325,1977.0,15.0
1978,NHL,LAK,LAK,Los Angeles Kings,80,1.0,3,0,80.0,31.0,77.0,0.9625,-0.025,3.0375,3.0625,1977.0,10.0
1978,NHL,MNS,DAL,Minnesota North Stars,68,0.85,4,1,80.0,18.0,45.0,0.5625,-1.3375,2.725,4.0625,1977.0,12.0
1978,NHL,MTL,MTL,Montreal Canadiens,115,1.4375,1,0,80.0,59.0,129.0,1.6125,2.2,4.4875,2.2875,1977.0,2.0
1978,NHL,NYI,NYI,New York Islanders,116,1.45,1,0,80.0,48.0,111.0,1.3875,1.55,4.175,2.625,1977.0,1.0
1978,NHL,NYR,NYR,New York Rangers,91,1.1375,3,0,80.0,30.0,73.0,0.9125,-0.0125,3.4875,3.5,1977.0,5.0
1978,NHL,PHI,PHI,Philadelphia Flyers,95,1.1875,2,1,80.0,45.0,105.0,1.3125,1.2,3.7,2.5,1977.0,4.0
1978,NHL,PIT,PIT,Pittsburgh Penguins,85,1.0625,2,0,80.0,25.0,68.0,0.85,-0.8375,3.175,4.0125,1977.0,8.0
1978,NHL,STL,STL,St. Louis Blues,48,0.6,3,0,80.0,20.0,53.0,0.6625,-1.3625,2.4375,3.8,1977.0,16.0
1978,NHL,TOR,TOR,Toronto Maple Leafs,81,1.0125,3,0,80.0,41.0,92.0,1.15,0.425,3.3875,2.9625,1977.0,9.0
1978,NHL,VAN,VAN,Vancouver Canucks,63,0.7875,2,0,80.0,20.0,57.0,0.7125,-1.0125,2.9875,4.0,1977.0,13.0
1978,NHL,WAS,WAS,Washington Capitals,63,0.7875,4,0,80.0,17.0,48.0,0.6,-1.575,2.4375,4.0125,1977.0,13.0
1979,NHL,ATF,CAL,Atlanta Flames,83,1.0375,4,0,80.0,41.0,90.0,1.125,0.5875,4.0875,3.5,1978.0,9.0
1979,NHL,BOS,BOS,Boston Bruins,105,1.3125,2,1,80.0,43.0,100.0,1.25,0.575,3.95,3.375,1978.0,4.0
1979,NHL,BUF,BUF,Buffalo Sabres,110,1.375,1,0,80.0,36.0,88.0,1.1,0.2125,3.5,3.2875,1978.0,2.0
1979,NHL,CHI,CHI,Chicago Black Hawks,87,1.0875,1,0,80.0,29.0,73.0,0.9125,-0.4125,3.05,3.4625,1978.0,7.0
1979,NHL,COR,NJD,Colorado Rockies,51,0.6375,6,0,80.0,15.0,42.0,0.525,-1.5125,2.625,4.1375,1978.0,20.0
1979,NHL,DET,DET,Detroit Red Wings,63,0.7875,5,1,80.0,23.0,62.0,0.775,-0.5375,3.15,3.6875,1978.0,18.0
1979,NHL,EDM,EDM,Edmonton Oilers,69,0.8625,4,0,,,,,,,,,16.0
1979,NHL,HAR,CAR,Hartford Whalers,73,0.9125,4,0,,,,,,,,,13.0
1979,NHL,LAK,LAK,Los Angeles Kings,74,0.925,2,0,80.0,34.0,80.0,1.0,0.075,3.65,3.575,1978.0,12.0
1979,NHL,MNS,DAL,Minnesota North Stars,88,1.1,3,0,80.0,28.0,68.0,0.85,-0.4,3.2125,3.6125,1978.0,6.0
1979,NHL,MTL,MTL,Montreal Canadiens,107,1.3375,1,1,80.0,52.0,115.0,1.4375,1.6625,4.2125,2.55,1978.0,3.0
1979,NHL,NYI,NYI,New York Islanders,91,1.1375,2,0,80.0,51.0,116.0,1.45,1.8,4.475,2.675,1978.0,5.0
1979,NHL,NYR,NYR,New York Rangers,86,1.075,3,0,80.0,40.0,91.0,1.1375,0.3,3.95,3.65,1978.0,8.0
1979,NHL,PHI,PHI,Philadelphia Flyers,116,1.45,1,0,80.0,40.0,95.0,1.1875,0.4125,3.5125,3.1,1978.0,1.0
1979,NHL,PIT,PIT,Pittsburgh Penguins,73,0.9125,3,0,80.0,36.0,85.0,1.0625,0.025,3.5125,3.4875,1978.0,13.0
1979,NHL,QUE,COL,Quebec Nordiques,61,0.7625,5,0,,,,,,,,,19.0
1979,NHL,STL,STL,St. Louis Blues,80,1.0,2,1,80.0,18.0,48.0,0.6,-1.2375,3.1125,4.35,1978.0,10.0
1979,NHL,TOR,TOR,Toronto Maple Leafs,75,0.9375,4,1,80.0,34.0,81.0,1.0125,0.1875,3.3375,3.15,1978.0,11.0
1979,NHL,VAN,VAN,Vancouver Canucks,70,0.875,3,0,80.0,25.0,63.0,0.7875,-0.925,2.7125,3.6375,1978.0,15.0
1979,NHL,WAS,WAS,Washington Capitals,67,0.8375,5,1,80.0,24.0,63.0,0.7875,-0.8125,3.4125,4.225,1978.0,17.0
1979,NHL,WIN,PHO,Winnipeg Jets,51,0.6375,5,1,,,,,,,,,20.0
1980,NHL,BOS,BOS,Boston Bruins,87,1.0875,2,0,80.0,46.0,105.0,1.3125,0.95,3.875,2.925,1979.0,8.0
1980,NHL,BUF,BUF,Buffalo Sabres,99,1.2375,1,0,80.0,47.0,110.0,1.375,1.4625,3.975,2.5125,1979.0,4.0
1980,NHL,CAL,CAL,Calgary Flames,92,1.15,3,0,80.0,35.0,83.0,1.0375,0.1625,3.525,3.3625,1979.0,7.0
1980,NHL,CHI,CHI,Chicago Black Hawks,78,0.975,2,0,80.0,34.0,87.0,1.0875,-0.1125,3.0125,3.125,1979.0,10.0
1980,NHL,COR,NJD,Colorado Rockies,57,0.7125,5,0,80.0,19.0,51.0,0.6375,-0.925,2.925,3.85,1979.0,19.0
1980,NHL,DET,DET,Detroit Red Wings,56,0.7,5,1,80.0,26.0,63.0,0.7875,-0.475,3.35,3.825,1979.0,20.0
1980,NHL,EDM,EDM,Edmonton Oilers,74,0.925,4,1,80.0,28.0,69.0,0.8625,-0.2625,3.7625,4.025,1979.0,13.0
1980,NHL,HAR,CAR,Hartford Whalers,60,0.75,4,1,80.0,27.0,73.0,0.9125,-0.1125,3.7875,3.9,1979.0,18.0
1980,NHL,LAK,LAK,Los Angeles Kings,99,1.2375,2,0,80.0,30.0,74.0,0.925,-0.2875,3.625,3.9125,1979.0,4.0
1980,NHL,MNS,DAL,Minnesota North Stars,87,1.0875,3,0,80.0,36.0,88.0,1.1,0.725,3.8875,3.1625,1979.0,8.0
1980,NHL,MTL,MTL,Montreal Canadiens,103,1.2875,1,0,80.0,47.0,107.0,1.3375,1.1,4.1,3.0,1979.0,3.0
1980,NHL,NYI,NYI,New York Islanders,110,1.375,1,0,80.0,39.0,91.0,1.1375,0.425,3.5125,3.0875,1979.0,1.0
1980,NHL,NYR,NYR,New York Rangers,74,0.925,4,1,80.0,38.0,86.0,1.075,0.3,3.85,3.55,1979.0,13.0
1980,NHL,PHI,PHI,Philadelphia Flyers,97,1.2125,2,0,80.0,48.0,116.0,1.45,0.9125,4.0875,3.175,1979.0,6.0
1980,NHL,PIT,PIT,Pittsburgh Penguins,73,0.9125,3,0,80.0,30.0,73.0,0.9125,-0.65,3.1375,3.7875,1979.0,15.0
1980,NHL,QUE,COL,Quebec Nordiques,78,0.975,4,1,80.0,25.0,61.0,0.7625,-0.8125,3.1,3.9125,1979.0,10.0
1980,NHL,STL,STL,St. Louis Blues,107,1.3375,1,0,80.0,34.0,80.0,1.0,-0.15,3.325,3.475,1979.0,2.0
1980,NHL,TOR,TOR,Toronto Maple Leafs,71,0.8875,5,1,80.0,35.0,75.0,0.9375,-0.2875,3.8,4.0875,1979.0,16.0
1980,NHL,VAN,VAN,Vancouver Canucks,76,0.95,3,0,80.0,27.0,70.0,0.875,-0.3125,3.2,3.5125,1979.0,12.0
1980,NHL,WAS,WAS,Washington Capitals,70,0.875,5,0,80.0,27.0,67.0,0.8375,-0.4,3.2625,3.6625,1979.0,17.0
1980,NHL,WIN,PHO,Winnipeg Jets,32,0.4,6,1,80.0,20.0,51.0,0.6375,-1.25,2.675,3.925,1979.0,21.0
1981,NHL,BOS,BOS,Boston Bruins,96,1.2,2,0,80.0,37.0,87.0,1.0875,0.55,3.95,3.4,1980.0,4.0
1981,NHL,BUF,BUF,Buffalo Sabres,93,1.1625,3,1,80.0,39.0,99.0,1.2375,0.9625,4.0875,3.125,1980.0,6.0
1981,NHL,CAL,CAL,Calgary Flames,75,0.9375,3,0,80.0,39.0,92.0,1.15,0.3875,4.1125,3.725,1980.0,12.0
1981,NHL,CHI,CHI,Chicago Black Hawks,72,0.9,4,1,80.0,31.0,78.0,0.975,-0.1375,3.8,3.9375,1980.0,14.0
1981,NHL,COR,NJD,Colorado Rockies,49,0.6125,5,1,80.0,22.0,57.0,0.7125,-1.075,3.225,4.3,1980.0,21.0
1981,NHL,DET,DET,Detroit Red Wings,54,0.675,6,1,80.0,19.0,56.0,0.7,-1.0875,3.15,4.2375,1980.0,20.0
1981,NHL,EDM,EDM,Edmonton Oilers,111,1.3875,1,0,80.0,29.0,74.0,0.925,0.0125,4.1,4.0875,1980.0,2.0
1981,NHL,HAR,CAR,Hartford Whalers,60,0.75,5,0,80.0,21.0,60.0,0.75,-1.0,3.65,4.65,1980.0,18.0
1981,NHL,LAK,LAK,Los Angeles Kings,63,0.7875,4,1,80.0,43.0,99.0,1.2375,0.5875,4.2125,3.625,1980.0,17.0
1981,NHL,MNS,DAL,Minnesota North Stars,94,1.175,1,0,80.0,35.0,87.0,1.0875,0.35,3.6375,3.2875,1980.0,5.0
1981,NHL,MTL,MTL,Montreal Canadiens,109,1.3625,1,0,80.0,45.0,103.0,1.2875,1.25,4.15,2.9,1980.0,3.0
1981,NHL,NYI,NYI,New York Islanders,118,1.475,1,0,80.0,48.0,110.0,1.375,1.1875,4.4375,3.25,1980.0,1.0
1981,NHL,NYR,NYR,New York Rangers,92,1.15,2,0,80.0,30.0,74.0,0.925,-0.0625,3.9,3.9625,1980.0,7.0
1981,NHL,PHI,PHI,Philadelphia Flyers,87,1.0875,3,1,80.0,41.0,97.0,1.2125,0.8,3.9125,3.1125,1980.0,8.0
1981,NHL,PIT,PIT,Pittsburgh Penguins,75,0.9375,4,0,80.0,30.0,73.0,0.9125,-0.5375,3.775,4.3125,1980.0,12.0
1981,NHL,QUE,COL,Quebec Nordiques,82,1.025,4,0,80.0,30.0,78.0,0.975,-0.05,3.925,3.975,1980.0,9.0
1981,NHL,STL,STL,St. Louis Blues,72,0.9,3,1,80.0,45.0,107.0,1.3375,0.8875,4.4,3.5125,1980.0,14.0
1981,NHL,TOR,TOR,Toronto Maple Leafs,56,0.7,5,0,80.0,28.0,71.0,0.8875,-0.5625,4.025,4.5875,1980.0,19.0
1981,NHL,VAN,VAN,Vancouver Canucks,77,0.9625,2,1,80.0,28.0,76.0,0.95,-0.15,3.6125,3.7625,1980.0,11.0
1981,NHL,WAS,WAS,Washington Capitals,65,0.8125,5,1,80.0,26.0,70.0,0.875,-0.3875,3.575,3.9625,1980.0,16.0
1981,NHL,WIN,PHO,Winnipeg Jets,80,1.0,2,0,80.0,9.0,32.0,0.4,-1.925,3.075,5.0,1980.0,10.0
1982,NHL,BOS,BOS,Boston Bruins,110,1.375,1,0,80.0,43.0,96.0,1.2,0.475,4.0375,3.5625,1981.0,1.0
1982,NHL,BUF,BUF,Buffalo Sabres,89,1.1125,3,0,80.0,39.0,93.0,1.1625,0.425,3.8375,3.4125,1981.0,9.0
1982,NHL,CAL,CAL,Calgary Flames,78,0.975,2,0,80.0,29.0,75.0,0.9375,-0.1375,4.175,4.3125,1981.0,12.0
1982,NHL,CHI,CHI,Chicago Black Hawks,104,1.3,1,0,80.0,30.0,72.0,0.9,-0.3875,4.15,4.5375,1981.0,4.0
1982,NHL,DET,DET,Detroit Red Wings,57,0.7125,5,0,80.0,21.0,54.0,0.675,-1.0125,3.375,4.3875,1981.0,18.0
1982,NHL,EDM,EDM,Edmonton Oilers,106,1.325,1,0,80.0,48.0,111.0,1.3875,1.525,5.2125,3.6875,1981.0,2.0
1982,NHL,HAR,CAR,Hartford Whalers,45,0.5625,5,1,80.0,21.0,60.0,0.75,-1.0875,3.3,4.3875,1981.0,20.0
1982,NHL,LAK,LAK,Los Angeles Kings,66,0.825,5,0,80.0,24.0,63.0,0.7875,-0.6875,3.925,4.6125,1981.0,16.0
1982,NHL,MNS,DAL,Minnesota North Stars,96,1.2,2,1,80.0,37.0,94.0,1.175,0.725,4.325,3.6,1981.0,6.0
1982,NHL,MTL,MTL,Montreal Canadiens,98,1.225,2,0,80.0,46.0,109.0,1.3625,1.7125,4.5,2.7875,1981.0,5.0
1982,NHL,NJD,NJD,New Jersey Devils,48,0.6,5,0,80.0,18.0,49.0,0.6125,-1.5125,3.0125,4.525,1981.0,19.0
1982,NHL,NYI,NYI,New York Islanders,96,1.2,2,0,80.0,54.0,118.0,1.475,1.6875,4.8125,3.125,1981.0,6.0
1982,NHL,NYR,NYR,New York Rangers,80,1.0,4,0,80.0,39.0,92.0,1.15,0.125,3.95,3.825,1981.0,10.0
1982,NHL,PHI,PHI,Philadelphia Flyers,106,1.325,1,0,80.0,38.0,87.0,1.0875,0.15,4.0625,3.9125,1981.0,2.0
1982,NHL,PIT,PIT,Pittsburgh Penguins,45,0.5625,6,0,80.0,31.0,75.0,0.9375,-0.3375,3.875,4.2125,1981.0,20.0
1982,NHL,QUE,COL,Quebec Nordiques,80,1.0,4,0,80.0,33.0,82.0,1.025,0.1375,4.45,4.3125,1981.0,10.0
1982,NHL,STL,STL,St. Louis Blues,65,0.8125,4,1,80.0,32.0,72.0,0.9,-0.425,3.9375,4.3625,1981.0,17.0
1982,NHL,TOR,TOR,Toronto Maple Leafs,68,0.85,3,0,80.0,20.0,56.0,0.7,-1.025,3.725,4.75,1981.0,15.0
1982,NHL,VAN,VAN,Vancouver Canucks,75,0.9375,3,0,80.0,30.0,77.0,0.9625,0.05,3.625,3.575,1981.0,13.0
1982,NHL,WAS,WAS,Washington Capitals,94,1.175,3,0,80.0,26.0,65.0,0.8125,-0.2375,3.9875,4.225,1981.0,8.0
1982,NHL,WIN,PHO,Winnipeg Jets,74,0.925,4,0,80.0,33.0,80.0,1.0,-0.1625,3.9875,4.15,1981.0,14.0
1983,NHL,BOS,BOS,Boston Bruins,104,1.3,1,0,80.0,50.0,110.0,1.375,1.2375,4.0875,2.85,1982.0,2.0
1983,NHL,BUF,BUF,Buffalo Sabres,103,1.2875,2,0,80.0,38.0,89.0,1.1125,0.4125,3.975,3.5625,1982.0,4.0
1983,NHL,CAL,CAL,Calgary Flames,82,1.025,2,0,80.0,32.0,78.0,0.975,0.05,4.0125,3.9625,1982.0,10.0
1983,NHL,CHI,CHI,Chicago Black Hawks,68,0.85,4,0,80.0,47.0,104.0,1.3,0.875,4.225,3.35,1982.0,16.0
1983,NHL,DET,DET,Detroit Red Wings,69,0.8625,3,0,80.0,21.0,57.0,0.7125,-1.0125,3.2875,4.3,1982.0,15.0
1983,NHL,EDM,EDM,Edmonton Oilers,119,1.4875,1,0,80.0,47.0,106.0,1.325,1.3625,5.3,3.9375,1982.0,1.0
1983,NHL,HAR,CAR,Hartford Whalers,66,0.825,5,0,80.0,19.0,45.0,0.5625,-1.775,3.2625,5.0375,1982.0,17.0
1983,NHL,LAK,LAK,Los Angeles Kings,59,0.7375,5,1,80.0,27.0,66.0,0.825,-0.7125,3.85,4.5625,1982.0,19.0
1983,NHL,MNS,DAL,Minnesota North Stars,88,1.1,1,0,80.0,40.0,96.0,1.2,0.3875,4.0125,3.625,1982.0,9.0
1983,NHL,MTL,MTL,Montreal Canadiens,75,0.9375,4,1,80.0,42.0,98.0,1.225,0.8,4.375,3.575,1982.0,11.0
1983,NHL,NJD,NJD,New Jersey Devils,41,0.5125,5,1,80.0,17.0,48.0,0.6,-1.35,2.875,4.225,1982.0,20.0
1983,NHL,NYI,NYI,New York Islanders,104,1.3,1,0,80.0,42.0,96.0,1.2,0.95,3.775,2.825,1982.0,2.0
1983,NHL,NYR,NYR,New York Rangers,93,1.1625,4,0,80.0,35.0,80.0,1.0,0.2375,3.825,3.5875,1982.0,8.0
1983,NHL,PHI,PHI,Philadelphia Flyers,98,1.225,3,0,80.0,49.0,106.0,1.325,1.075,4.075,3.0,1982.0,6.0
1983,NHL,PIT,PIT,Pittsburgh Penguins,38,0.475,6,0,80.0,18.0,45.0,0.5625,-1.7125,3.2125,4.925,1982.0,21.0
1983,NHL,QUE,COL,Quebec Nordiques,94,1.175,3,0,80.0,34.0,80.0,1.0,0.0875,4.2875,4.2,1982.0,7.0
1983,NHL,STL,STL,St. Louis Blues,71,0.8875,2,0,80.0,25.0,65.0,0.8125,-0.3875,3.5625,3.95,1982.0,14.0
1983,NHL,TOR,TOR,Toronto Maple Leafs,61,0.7625,5,0,80.0,28.0,68.0,0.85,-0.4625,3.6625,4.125,1982.0,18.0
1983,NHL,VAN,VAN,Vancouver Canucks,73,0.9125,3,1,80.0,30.0,75.0,0.9375,-0.075,3.7875,3.8625,1982.0,12.0
1983,NHL,WAS,WAS,Washington Capitals,101,1.2625,2,0,80.0,39.0,94.0,1.175,0.2875,3.825,3.5375,1982.0,5.0
1983,NHL,WIN,PHO,Winnipeg Jets,73,0.9125,4,1,80.0,33.0,74.0,0.925,-0.275,3.8875,4.1625,1982.0,12.0
1984,NHL,BOS,BOS,Boston Bruins,82,1.025,4,1,80.0,49.0,104.0,1.3,0.9375,4.2,3.2625,1983.0,12.0
1984,NHL,BUF,BUF,Buffalo Sabres,90,1.125,3,0,80.0,48.0,103.0,1.2875,0.725,3.9375,3.2125,1983.0,8.0
1984,NHL,CAL,CAL,Calgary Flames,94,1.175,3,0,80.0,34.0,82.0,1.025,-0.0375,3.8875,3.925,1983.0,5.0
1984,NHL,CHI,CHI,Chicago Black Hawks,83,1.0375,2,1,80.0,30.0,68.0,0.85,-0.425,3.4625,3.8875,1983.0,11.0
1984,NHL,DET,DET,Detroit Red Wings,66,0.825,3,0,80.0,31.0,69.0,0.8625,-0.3125,3.725,4.0375,1983.0,15.0
1984,NHL,EDM,EDM,Edmonton Oilers,109,1.3625,1,0,80.0,57.0,119.0,1.4875,1.65,5.575,3.925,1983.0,2.0
1984,NHL,HAR,CAR,Hartford Whalers,69,0.8625,5,0,80.0,28.0,66.0,0.825,-0.4,3.6,4.0,1983.0,14.0
1984,NHL,LAK,LAK,Los Angeles Kings,82,1.025,4,0,80.0,23.0,59.0,0.7375,-0.8375,3.8625,4.7,1983.0,12.0
1984,NHL,MNS,DAL,Minnesota North Stars,62,0.775,4,1,80.0,39.0,88.0,1.1,0.0125,4.3125,4.3,1983.0,16.0
1984,NHL,MTL,MTL,Montreal Canadiens,94,1.175,1,0,80.0,35.0,75.0,0.9375,-0.1125,3.575,3.6875,1983.0,5.0
1984,NHL,NJD,NJD,New Jersey Devils,54,0.675,5,0,80.0,17.0,41.0,0.5125,-1.4875,2.8875,4.375,1983.0,19.0
1984,NHL,NYI,NYI,New York Islanders,86,1.075,3,0,80.0,50.0,104.0,1.3,1.1,4.4625,3.3625,1983.0,9.0
1984,NHL,NYR,NYR,New York Rangers,62,0.775,4,1,80.0,42.0,93.0,1.1625,0.125,3.925,3.8,1983.0,16.0
1984,NHL,PHI,PHI,Philadelphia Flyers,113,1.4125,1,0,80.0,44.0,98.0,1.225,0.75,4.375,3.625,1983.0,1.0
1984,NHL,PIT,PIT,Pittsburgh Penguins,53,0.6625,6,0,80.0,16.0,38.0,0.475,-1.7,3.175,4.875,1983.0,20.0
1984,NHL,QUE,COL,Quebec Nordiques,91,1.1375,2,0,80.0,42.0,94.0,1.175,1.025,4.5,3.475,1983.0,7.0
1984,NHL,STL,STL,St. Louis Blues,86,1.075,1,0,80.0,32.0,71.0,0.8875,-0.2875,3.6625,3.95,1983.0,9.0
1984,NHL,TOR,TOR,Toronto Maple Leafs,48,0.6,5,0,80.0,26.0,61.0,0.7625,-1.05,3.7875,4.8375,1983.0,21.0
1984,NHL,VAN,VAN,Vancouver Canucks,59,0.7375,5,1,80.0,32.0,73.0,0.9125,-0.275,3.825,4.1,1983.0,18.0
1984,NHL,WAS,WAS,Washington Capitals,101,1.2625,2,0,80.0,48.0,101.0,1.2625,1.025,3.85,2.825,1983.0,3.0
1984,NHL,WIN,PHO,Winnipeg Jets,96,1.2,2,0,80.0,31.0,73.0,0.9125,-0.425,4.25,4.675,1983.0,4.0
1985,NHL,BOS,BOS,Boston Bruins,86,1.075,3,0,80.0,36.0,82.0,1.025,0.2,3.7875,3.5875,1984.0,8.0
1985,NHL,BUF,BUF,Buffalo Sabres,80,1.0,5,1,80.0,38.0,90.0,1.125,0.6625,3.625,2.9625,1984.0,13.0
1985,NHL,CAL,CAL,Calgary Flames,89,1.1125,2,0,80.0,41.0,94.0,1.175,0.7625,4.5375,3.775,1984.0,6.0
1985,NHL,CHI,CHI,Chicago Black Hawks,86,1.075,1,0,80.0,38.0,83.0,1.0375,0.125,3.8625,3.7375,1984.0,8.0
1985,NHL,DET,DET,Detroit Red Wings,40,0.5,5,1,80.0,27.0,66.0,0.825,-0.55,3.9125,4.4625,1984.0,21.0
1985,NHL,EDM,EDM,Edmonton Oilers,119,1.4875,1,0,80.0,49.0,109.0,1.3625,1.2875,5.0125,3.725,1984.0,1.0
1985,NHL,HAR,CAR,Hartford Whalers,84,1.05,4,0,80.0,30.0,69.0,0.8625,-0.625,3.35,3.975,1984.0,11.0
1985,NHL,LAK,LAK,Los Angeles Kings,54,0.675,5,0,80.0,34.0,82.0,1.025,0.1625,4.2375,4.075,1984.0,20.0
1985,NHL,MNS,DAL,Minnesota North Stars,85,1.0625,2,0,80.0,25.0,62.0,0.775,-0.6625,3.35,4.0125,1984.0,10.0
1985,NHL,MTL,MTL,Montreal Canadiens,87,1.0875,2,0,80.0,41.0,94.0,1.175,0.5875,3.8625,3.275,1984.0,7.0
1985,NHL,NJD,NJD,New Jersey Devils,59,0.7375,6,0,80.0,22.0,54.0,0.675,-1.025,3.3,4.325,1984.0,16.0
1985,NHL,NYI,NYI,New York Islanders,90,1.125,3,0,80.0,40.0,86.0,1.075,0.4125,4.3125,3.9,1984.0,5.0
1985,NHL,NYR,NYR,New York Rangers,78,0.975,4,0,80.0,26.0,62.0,0.775,-0.625,3.6875,4.3125,1984.0,14.0
1985,NHL,PHI,PHI,Philadelphia Flyers,110,1.375,1,0,80.0,53.0,113.0,1.4125,1.3375,4.35,3.0125,1984.0,2.0
1985,NHL,PIT,PIT,Pittsburgh Penguins,76,0.95,5,0,80.0,24.0,53.0,0.6625,-1.3625,3.45,4.8125,1984.0,15.0
1985,NHL,QUE,COL,Quebec Nordiques,92,1.15,1,0,80.0,41.0,91.0,1.1375,0.6,4.0375,3.4375,1984.0,4.0
1985,NHL,STL,STL,St. Louis Blues,83,1.0375,3,0,80.0,37.0,86.0,1.075,0.1375,3.7375,3.6,1984.0,12.0
1985,NHL,TOR,TOR,Toronto Maple Leafs,57,0.7125,4,0,80.0,20.0,48.0,0.6,-1.3125,3.1625,4.475,1984.0,19.0
1985,NHL,VAN,VAN,Vancouver Canucks,59,0.7375,4,0,80.0,25.0,59.0,0.7375,-1.4625,3.55,5.0125,1984.0,16.0
1985,NHL,WAS,WAS,Washington Capitals,107,1.3375,2,0,80.0,46.0,101.0,1.2625,1.025,4.025,3.0,1984.0,3.0
1985,NHL,WIN,PHO,Winnipeg Jets,59,0.7375,3,1,80.0,43.0,96.0,1.2,0.325,4.475,4.15,1984.0,16.0
1986,NHL,BOS,BOS,Boston Bruins,85,1.0625,3,1,80.0,37.0,86.0,1.075,0.2875,3.8875,3.6,1985.0,8.0
1986,NHL,BUF,BUF,Buffalo Sabres,64,0.8,5,1,80.0,37.0,80.0,1.0,0.0625,3.7,3.6375,1985.0,20.0
1986,NHL,CAL,CAL,Calgary Flames,95,1.1875,2,0,80.0,40.0,89.0,1.1125,0.4875,4.425,3.9375,1985.0,3.0
1986,NHL,CHI,CHI,Chicago Blackhawks,72,0.9,3,0,80.0,39.0,86.0,1.075,0.025,4.3875,4.3625,1985.0,13.0
1986,NHL,DET,DET,Detroit Red Wings,78,0.975,2,0,80.0,17.0,40.0,0.5,-1.8625,3.325,5.1875,1985.0,11.0
1986,NHL,EDM,EDM,Edmonton Oilers,106,1.325,1,0,80.0,56.0,119.0,1.4875,1.45,5.325,3.875,1985.0,1.0
1986,NHL,HAR,CAR,Hartford Whalers,93,1.1625,1,0,80.0,40.0,84.0,1.05,0.375,4.15,3.775,1985.0,4.0
1986,NHL,LAK,LAK,Los Angeles Kings,70,0.875,4,1,80.0,23.0,54.0,0.675,-1.3125,3.55,4.8625,1985.0,16.0
1986,NHL,MNS,DAL,Minnesota North Stars,70,0.875,5,1,80.0,38.0,85.0,1.0625,0.275,4.0875,3.8125,1985.0,16.0
1986,NHL,MTL,MTL,Montreal Canadiens,92,1.15,2,0,80.0,40.0,87.0,1.0875,0.625,4.125,3.5,1985.0,5.0
1986,NHL,NJD,NJD,New Jersey Devils,64,0.8,6,0,80.0,28.0,59.0,0.7375,-0.925,3.75,4.675,1985.0,20.0
1986,NHL,NYI,NYI,New York Islanders,82,1.025,3,0,80.0,39.0,90.0,1.125,0.5375,4.0875,3.55,1985.0,9.0
1986,NHL,NYR,NYR,New York Rangers,76,0.95,4,1,80.0,36.0,78.0,0.975,0.05,3.5,3.45,1985.0,12.0
1986,NHL,PHI,PHI,Philadelphia Flyers,100,1.25,1,0,80.0,53.0,110.0,1.375,1.175,4.1875,3.0125,1985.0,2.0
1986,NHL,PIT,PIT,Pittsburgh Penguins,72,0.9,5,0,80.0,34.0,76.0,0.95,0.1,3.9125,3.8125,1985.0,13.0
1986,NHL,QUE,COL,Quebec Nordiques,72,0.9,4,0,80.0,43.0,92.0,1.15,0.5125,4.125,3.6125,1985.0,13.0
1986,NHL,STL,STL,St. Louis Blues,79,0.9875,1,0,80.0,37.0,83.0,1.0375,0.1375,3.775,3.6375,1985.0,10.0
1986,NHL,TOR,TOR,Toronto Maple Leafs,70,0.875,4,0,80.0,25.0,57.0,0.7125,-0.9375,3.8875,4.825,1985.0,16.0
1986,NHL,VAN,VAN,Vancouver Canucks,66,0.825,5,0,80.0,23.0,59.0,0.7375,-0.6375,3.525,4.1625,1985.0,19.0
1986,NHL,WAS,WAS,Washington Capitals,86,1.075,2,0,80.0,50.0,107.0,1.3375,0.5375,3.9375,3.4,1985.0,7.0
1986,NHL,WIN,PHO,Winnipeg Jets,88,1.1,3,0,80.0,26.0,59.0,0.7375,-0.9625,3.6875,4.65,1985.0,6.0
1987,NHL,BOS,BOS,Boston Bruins,94,1.175,2,0,80.0,39.0,85.0,1.0625,0.3125,3.7625,3.45,1986.0,4.0
1987,NHL,BUF,BUF,Buffalo Sabres,85,1.0625,3,0,80.0,28.0,64.0,0.8,-0.35,3.5,3.85,1986.0,7.0
1987,NHL,CAL,CAL,Calgary Flames,105,1.3125,1,0,80.0,46.0,95.0,1.1875,0.3625,3.975,3.6125,1986.0,1.0
1987,NHL,CHI,CHI,Chicago Blackhawks,69,0.8625,3,0,80.0,29.0,72.0,0.9,-0.25,3.625,3.875,1986.0,16.0
1987,NHL,DET,DET,Detroit Red Wings,93,1.1625,1,0,80.0,34.0,78.0,0.975,-0.175,3.25,3.425,1986.0,5.0
1987,NHL,EDM,EDM,Edmonton Oilers,99,1.2375,2,0,80.0,50.0,106.0,1.325,1.1,4.65,3.55,1986.0,3.0
1987,NHL,HAR,CAR,Hartford Whalers,77,0.9625,4,1,80.0,43.0,93.0,1.1625,0.2125,3.5875,3.375,1986.0,13.0
1987,NHL,LAK,LAK,Los Angeles Kings,68,0.85,4,1,80.0,31.0,70.0,0.875,-0.2875,3.975,4.2625,1986.0,18.0
1987,NHL,MNS,DAL,Minnesota North Stars,51,0.6375,5,0,80.0,30.0,70.0,0.875,-0.225,3.7,3.925,1986.0,21.0
1987,NHL,MTL,MTL,Montreal Canadiens,103,1.2875,1,0,80.0,41.0,92.0,1.15,0.45,3.4625,3.0125,1986.0,2.0
1987,NHL,NJD,NJD,New Jersey Devils,82,1.025,4,1,80.0,29.0,64.0,0.8,-0.9375,3.6625,4.6,1986.0,10.0
1987,NHL,NYI,NYI,New York Islanders,88,1.1,1,0,80.0,35.0,82.0,1.025,-0.025,3.4875,3.5125,1986.0,6.0
1987,NHL,NYR,NYR,New York Rangers,82,1.025,5,0,80.0,34.0,76.0,0.95,-0.2,3.8375,4.0375,1986.0,10.0
1987,NHL,PHI,PHI,Philadelphia Flyers,85,1.0625,3,0,80.0,46.0,100.0,1.25,0.8125,3.875,3.0625,1986.0,7.0
1987,NHL,PIT,PIT,Pittsburgh Penguins,81,1.0125,6,0,80.0,30.0,72.0,0.9,0.0875,3.7125,3.625,1986.0,12.0
1987,NHL,QUE,COL,Quebec Nordiques,69,0.8625,5,1,80.0,31.0,72.0,0.9,-0.1125,3.3375,3.45,1986.0,16.0
1987,NHL,STL,STL,St. Louis Blues,76,0.95,2,0,80.0,32.0,79.0,0.9875,-0.15,3.5125,3.6625,1986.0,15.0
1987,NHL,TOR,TOR,Toronto Maple Leafs,52,0.65,4,0,80.0,32.0,70.0,0.875,-0.4125,3.575,3.9875,1986.0,20.0
1987,NHL,VAN,VAN,Vancouver Canucks,59,0.7375,5,0,80.0,29.0,66.0,0.825,-0.4,3.525,3.925,1986.0,19.0
1987,NHL,WAS,WAS,Washington Capitals,85,1.0625,2,0,80.0,38.0,86.0,1.075,0.0875,3.5625,3.475,1986.0,7.0
1987,NHL,WIN,PHO,Winnipeg Jets,77,0.9625,3,0,80.0,40.0,88.0,1.1,0.1,3.4875,3.3875,1986.0,13.0
1988,NHL,BOS,BOS,Boston Bruins,88,1.1,2,0,80.0,44.0,94.0,1.175,0.6125,3.75,3.1375,1987.0,5.0
1988,NHL,BUF,BUF,Buffalo Sabres,83,1.0375,3,0,80.0,37.0,85.0,1.0625,-0.275,3.5375,3.8125,1987.0,8.0
1988,NHL,CAL,CAL,Calgary Flames,117,1.4625,1,0,80.0,48.0,105.0,1.3125,1.15,4.9625,3.8125,1987.0,1.0
1988,NHL,CHI,CHI,Chicago Blackhawks,66,0.825,4,0,80.0,30.0,69.0,0.8625,-0.55,3.55,4.1,1987.0,16.0
1988,NHL,DET,DET,Detroit Red Wings,80,1.0,1,0,80.0,41.0,93.0,1.1625,0.6625,4.025,3.3625,1987.0,10.0
1988,NHL,EDM,EDM,Edmonton Oilers,84,1.05,3,0,80.0,44.0,99.0,1.2375,0.9375,4.5375,3.6,1987.0,7.0
1988,NHL,HAR,CAR,Hartford Whalers,79,0.9875,4,0,80.0,35.0,77.0,0.9625,-0.225,3.1125,3.3375,1987.0,12.0
1988,NHL,LAK,LAK,Los Angeles Kings,91,1.1375,2,0,80.0,30.0,68.0,0.85,-0.5125,3.975,4.4875,1987.0,4.0
1988,NHL,MNS,DAL,Minnesota North Stars,70,0.875,3,0,80.0,19.0,51.0,0.6375,-1.3375,3.025,4.3625,1987.0,15.0
1988,NHL,MTL,MTL,Montreal Canadiens,115,1.4375,1,0,80.0,45.0,103.0,1.2875,0.75,3.725,2.975,1987.0,2.0
1988,NHL,NJD,NJD,New Jersey Devils,66,0.825,5,0,80.0,38.0,82.0,1.025,-0.0125,3.6875,3.7,1987.0,16.0
1988,NHL,NYI,NYI,New York Islanders,61,0.7625,6,1,80.0,39.0,88.0,1.1,0.5125,3.85,3.3375,1987.0,20.0
1988,NHL,NYR,NYR,New York Rangers,82,1.025,3,1,80.0,36.0,82.0,1.025,0.2125,3.75,3.5375,1987.0,9.0
1988,NHL,PHI,PHI,Philadelphia Flyers,80,1.0,4,0,80.0,38.0,85.0,1.0625,0.0,3.65,3.65,1987.0,10.0
1988,NHL,PIT,PIT,Pittsburgh Penguins,87,1.0875,2,0,80.0,36.0,81.0,1.0125,0.0375,3.9875,3.95,1987.0,6.0
1988,NHL,QUE,COL,Quebec Nordiques,61,0.7625,5,1,80.0,32.0,69.0,0.8625,-0.4375,3.3875,3.825,1987.0,20.0
1988,NHL,STL,STL,St. Louis Blues,78,0.975,2,0,80.0,34.0,76.0,0.95,-0.2,3.475,3.675,1987.0,13.0
1988,NHL,TOR,TOR,Toronto Maple Leafs,62,0.775,5,1,80.0,21.0,52.0,0.65,-0.9,3.4125,4.3125,1987.0,19.0
1988,NHL,VAN,VAN,Vancouver Canucks,74,0.925,4,0,80.0,25.0,59.0,0.7375,-0.6,3.4,4.0,1987.0,14.0
1988,NHL,WAS,WAS,Washington Capitals,92,1.15,1,0,80.0,38.0,85.0,1.0625,0.4,3.5125,3.1125,1987.0,3.0
1988,NHL,WIN,PHO,Winnipeg Jets,64,0.8,5,1,80.0,33.0,77.0,0.9625,-0.225,3.65,3.875,1987.0,18.0
1989,NHL,BOS,BOS,Boston Bruins,101,1.2625,1,0,80.0,37.0,88.0,1.1,0.4125,3.6125,3.2,1988.0,1.0
1989,NHL,BUF,BUF,Buffalo Sabres,98,1.225,2,0,80.0,38.0,83.0,1.0375,-0.1,3.6375,3.7375,1988.0,3.0
1989,NHL,CAL,CAL,Calgary Flames,99,1.2375,1,0,80.0,54.0,117.0,1.4625,1.6,4.425,2.825,1988.0,2.0
1989,NHL,CHI,CHI,Chicago Blackhawks,88,1.1,1,0,80.0,27.0,66.0,0.825,-0.475,3.7125,4.1875,1988.0,6.0
1989,NHL,DET,DET,Detroit Red Wings,70,0.875,5,0,80.0,34.0,80.0,1.0,-0.0375,3.9125,3.95,1988.0,19.0
1989,NHL,EDM,EDM,Edmonton Oilers,90,1.125,2,0,80.0,38.0,84.0,1.05,0.2375,4.0625,3.825,1988.0,5.0
1989,NHL,HAR,CAR,Hartford Whalers,85,1.0625,4,0,80.0,37.0,79.0,0.9875,0.1125,3.7375,3.625,1988.0,7.0
1989,NHL,LAK,LAK,Los Angeles Kings,75,0.9375,4,0,80.0,42.0,91.0,1.1375,0.5125,4.7,4.1875,1988.0,15.0
1989,NHL,MNS,DAL,Minnesota North Stars,76,0.95,4,0,80.0,27.0,70.0,0.875,-0.25,3.225,3.475,1988.0,14.0
1989,NHL,MTL,MTL,Montreal Canadiens,93,1.1625,3,0,80.0,53.0,115.0,1.4375,1.2125,3.9375,2.725,1988.0,4.0
1989,NHL,NJD,NJD,New Jersey Devils,83,1.0375,2,1,80.0,27.0,66.0,0.825,-0.55,3.5125,4.0625,1988.0,10.0
1989,NHL,NYI,NYI,New York Islanders,73,0.9125,4,0,80.0,28.0,61.0,0.7625,-0.75,3.3125,4.0625,1988.0,16.0
1989,NHL,NYR,NYR,New York Rangers,85,1.0625,1,0,80.0,37.0,82.0,1.025,0.0375,3.875,3.8375,1988.0,7.0
1989,NHL,PHI,PHI,Philadelphia Flyers,71,0.8875,6,0,80.0,36.0,80.0,1.0,0.275,3.8375,3.5625,1988.0,18.0
1989,NHL,PIT,PIT,Pittsburgh Penguins,72,0.9,5,1,80.0,40.0,87.0,1.0875,-0.025,4.3375,4.3625,1988.0,17.0
1989,NHL,QUE,COL,Quebec Nordiques,31,0.3875,5,0,80.0,27.0,61.0,0.7625,-0.9125,3.3625,4.275,1988.0,21.0
1989,NHL,STL,STL,St. Louis Blues,83,1.0375,2,0,80.0,33.0,78.0,0.975,-0.125,3.4375,3.5625,1988.0,10.0
1989,NHL,TOR,TOR,Toronto Maple Leafs,80,1.0,3,0,80.0,28.0,62.0,0.775,-1.0375,3.2375,4.275,1988.0,12.0
1989,NHL,VAN,VAN,Vancouver Canucks,64,0.8,5,0,80.0,33.0,74.0,0.925,-0.025,3.1375,3.1625,1988.0,20.0
1989,NHL,WAS,WAS,Washington Capitals,78,0.975,3,1,80.0,41.0,92.0,1.15,0.575,3.8125,3.2375,1988.0,13.0
1989,NHL,WIN,PHO,Winnipeg Jets,85,1.0625,3,0,80.0,26.0,64.0,0.8,-0.6875,3.75,4.4375,1988.0,7.0
1990,NHL,BOS,BOS,Boston Bruins,100,1.25,1,0,80.0,46.0,101.0,1.2625,0.7125,3.6125,2.9,1989.0,4.0
1990,NHL,BUF,BUF,Buffalo Sabres,81,1.0125,3,0,80.0,45.0,98.0,1.225,0.475,3.575,3.1,1989.0,9.0
1990,NHL,CAL,CAL,Calgary Flames,100,1.25,2,0,80.0,42.0,99.0,1.2375,1.0375,4.35,3.3125,1989.0,4.0
1990,NHL,CHI,CHI,Chicago Blackhawks,106,1.325,1,0,80.0,41.0,88.0,1.1,0.275,3.95,3.675,1989.0,1.0
1990,NHL,DET,DET,Detroit Red Wings,76,0.95,3,0,80.0,28.0,70.0,0.875,-0.4375,3.6,4.0375,1989.0,13.0
1990,NHL,EDM,EDM,Edmonton Oilers,80,1.0,3,0,80.0,38.0,90.0,1.125,0.4,3.9375,3.5375,1989.0,11.0
1990,NHL,HAR,CAR,Hartford Whalers,73,0.9125,4,0,80.0,38.0,85.0,1.0625,0.0875,3.4375,3.35,1989.0,15.0
1990,NHL,LAK,LAK,Los Angeles Kings,102,1.275,1,0,80.0,34.0,75.0,0.9375,0.0125,4.225,4.2125,1989.0,3.0
1990,NHL,MNS,DAL,Minnesota North Stars,68,0.85,4,0,80.0,36.0,76.0,0.95,-0.0875,3.55,3.6375,1989.0,16.0
1990,NHL,MTL,MTL,Montreal Canadiens,89,1.1125,2,0,80.0,41.0,93.0,1.1625,0.675,3.6,2.925,1989.0,6.0
1990,NHL,NJD,NJD,New Jersey Devils,79,0.9875,4,1,80.0,37.0,83.0,1.0375,0.0875,3.6875,3.6,1989.0,12.0
1990,NHL,NYI,NYI,New York Islanders,60,0.75,6,0,80.0,31.0,73.0,0.9125,-0.0875,3.5125,3.6,1989.0,19.0
1990,NHL,NYR,NYR,New York Rangers,85,1.0625,2,0,80.0,36.0,85.0,1.0625,0.15,3.4875,3.3375,1989.0,8.0
1990,NHL,PHI,PHI,Philadelphia Flyers,76,0.95,5,0,80.0,30.0,71.0,0.8875,-0.0875,3.625,3.7125,1989.0,13.0
1990,NHL,PIT,PIT,Pittsburgh Penguins,88,1.1,1,0,80.0,32.0,72.0,0.9,-0.5125,3.975,4.4875,1989.0,7.0
1990,NHL,QUE,COL,Quebec Nordiques,46,0.575,5,0,80.0,12.0,31.0,0.3875,-2.0875,3.0,5.0875,1989.0,21.0
1990,NHL,STL,STL,St. Louis Blues,105,1.3125,2,0,80.0,37.0,83.0,1.0375,0.2,3.6875,3.4875,1989.0,2.0
1990,NHL,TOR,TOR,Toronto Maple Leafs,57,0.7125,5,1,80.0,38.0,80.0,1.0,-0.2625,4.2125,4.475,1989.0,20.0
1990,NHL,VAN,VAN,Vancouver Canucks,65,0.8125,4,1,80.0,25.0,64.0,0.8,-0.7625,3.0625,3.825,1989.0,17.0
1990,NHL,WAS,WAS,Washington Capitals,81,1.0125,3,0,80.0,36.0,78.0,0.975,0.1125,3.55,3.4375,1989.0,9.0
1990,NHL,WIN,PHO,Winnipeg Jets,63,0.7875,5,0,80.0,37.0,85.0,1.0625,0.1,3.725,3.625,1989.0,18.0
1991,NHL,BOS,BOS,Boston Bruins,84,1.05,2,0,80.0,44.0,100.0,1.25,0.4375,3.7375,3.3,1990.0,9.0
1991,NHL,BUF,BUF,Buffalo Sabres,74,0.925,3,1,80.0,31.0,81.0,1.0125,0.175,3.65,3.475,1990.0,16.0
1991,NHL,CAL,CAL,Calgary Flames,74,0.925,5,1,80.0,46.0,100.0,1.25,1.0125,4.3,3.2875,1990.0,16.0
1991,NHL,CHI,CHI,Chicago Blackhawks,87,1.0875,2,0,80.0,49.0,106.0,1.325,0.9125,3.55,2.6375,1990.0,6.0
1991,NHL,DET,DET,Detroit Red Wings,98,1.225,1,0,80.0,34.0,76.0,0.95,-0.3125,3.4125,3.725,1990.0,2.0
1991,NHL,EDM,EDM,Edmonton Oilers,82,1.025,3,0,80.0,37.0,80.0,1.0,0.0,3.4,3.4,1990.0,12.0
1991,NHL,HAR,CAR,Hartford Whalers,65,0.8125,4,0,80.0,31.0,73.0,0.9125,-0.475,2.975,3.45,1990.0,20.0
1991,NHL,LAK,LAK,Los Angeles Kings,84,1.05,2,0,80.0,46.0,102.0,1.275,1.075,4.25,3.175,1990.0,9.0
1991,NHL,MNS,DAL,Minnesota North Stars,70,0.875,4,0,80.0,27.0,68.0,0.85,-0.125,3.2,3.325,1990.0,18.0
1991,NHL,MTL,MTL,Montreal Canadiens,93,1.1625,1,0,80.0,39.0,89.0,1.1125,0.3,3.4125,3.1125,1990.0,5.0
1991,NHL,NJD,NJD,New Jersey Devils,87,1.0875,4,0,80.0,32.0,79.0,0.9875,0.1,3.4,3.3,1990.0,6.0
1991,NHL,NYI,NYI,New York Islanders,79,0.9875,5,0,80.0,25.0,60.0,0.75,-0.8375,2.7875,3.625,1990.0,14.0
1991,NHL,NYR,NYR,New York Rangers,105,1.3125,1,0,80.0,36.0,85.0,1.0625,0.4,3.7125,3.3125,1990.0,1.0
1991,NHL,PHI,PHI,Philadelphia Flyers,75,0.9375,6,1,80.0,33.0,76.0,0.95,-0.1875,3.15,3.3375,1990.0,15.0
1991,NHL,PIT,PIT,Pittsburgh Penguins,87,1.0875,3,0,80.0,41.0,88.0,1.1,0.4625,4.275,3.8125,1990.0,6.0
1991,NHL,QUE,COL,Quebec Nordiques,52,0.65,5,1,80.0,16.0,46.0,0.575,-1.475,2.95,4.425,1990.0,21.0
1991,NHL,SJS,SJS,San Jose Sharks,39,0.4875,6,0,,,,,,,,,22.0
1991,NHL,STL,STL,St. Louis Blues,83,1.0375,3,0,80.0,47.0,105.0,1.3125,0.75,3.875,3.125,1990.0,11.0
1991,NHL,TOR,TOR,Toronto Maple Leafs,67,0.8375,5,0,80.0,23.0,57.0,0.7125,-0.9625,3.0125,3.975,1990.0,19.0
1991,NHL,VAN,VAN,Vancouver Canucks,96,1.2,1,0,80.0,28.0,65.0,0.8125,-0.9,3.0375,3.9375,1990.0,4.0
1991,NHL,WAS,WAS,Washington Capitals,98,1.225,2,0,80.0,37.0,81.0,1.0125,0.0,3.225,3.225,1990.0,2.0
1991,NHL,WIN,PHO,Winnipeg Jets,81,1.0125,4,0,80.0,26.0,63.0,0.7875,-0.35,3.25,3.6,1990.0,13.0
1992,NHL,BOS,BOS,Boston Bruins,109,1.2976190476190477,1,0,80.0,36.0,84.0,1.05,-0.0625,3.375,3.4375,1991.0,2.0
1992,NHL,BUF,BUF,Buffalo Sabres,86,1.0238095238095237,4,0,80.0,31.0,74.0,0.925,-0.125,3.6125,3.7375,1991.0,15.0
1992,NHL,CAL,CAL,Calgary Flames,97,1.1547619047619047,2,0,80.0,31.0,74.0,0.925,-0.1125,3.7,3.8125,1991.0,9.0
1992,NHL,CHI,CHI,Chicago Blackhawks,106,1.2619047619047619,1,0,80.0,36.0,87.0,1.0875,0.2625,3.2125,2.95,1991.0,3.0
1992,NHL,DET,DET,Detroit Red Wings,103,1.2261904761904763,2,0,80.0,43.0,98.0,1.225,0.8,4.0,3.2,1991.0,5.0
1992,NHL,EDM,EDM,Edmonton Oilers,60,0.7142857142857143,5,0,80.0,36.0,82.0,1.025,-0.025,3.6875,3.7125,1991.0,20.0
1992,NHL,HAR,CAR,Hartford Whalers,58,0.6904761904761905,5,0,80.0,26.0,65.0,0.8125,-0.45,3.0875,3.5375,1991.0,21.0
1992,NHL,LAK,LAK,Los Angeles Kings,88,1.0476190476190477,3,0,80.0,35.0,84.0,1.05,-0.1125,3.5875,3.7,1991.0,11.0
1992,NHL,MNS,DAL,Minnesota North Stars,82,0.9761904761904762,5,0,80.0,32.0,70.0,0.875,-0.4,3.075,3.475,1991.0,18.0
1992,NHL,MTL,MTL,Montreal Canadiens,102,1.2142857142857142,3,0,80.0,41.0,93.0,1.1625,0.75,3.3375,2.5875,1991.0,6.0
1992,NHL,NJD,NJD,New Jersey Devils,87,1.0357142857142858,4,0,80.0,38.0,87.0,1.0875,0.375,3.6125,3.2375,1991.0,12.0
1992,NHL,NYI,NYI,New York Islanders,87,1.0357142857142858,3,0,80.0,34.0,79.0,0.9875,-0.1,3.6375,3.7375,1991.0,12.0
1992,NHL,NYR,NYR,New York Rangers,79,0.9404761904761905,6,1,80.0,50.0,105.0,1.3125,0.9375,4.0125,3.075,1991.0,19.0
1992,NHL,OTT,OTT,Ottawa Senators,24,0.2857142857142857,6,0,,,,,,,,,23.0
1992,NHL,PHI,PHI,Philadelphia Flyers,83,0.9880952380952381,5,0,80.0,32.0,75.0,0.9375,-0.2625,3.15,3.4125,1991.0,17.0
1992,NHL,PIT,PIT,Pittsburgh Penguins,119,1.4166666666666667,1,0,80.0,39.0,87.0,1.0875,0.4375,4.2875,3.85,1991.0,1.0
1992,NHL,QUE,COL,Quebec Nordiques,104,1.2380952380952381,2,0,80.0,20.0,52.0,0.65,-0.7875,3.1875,3.975,1991.0,4.0
1992,NHL,SJS,SJS,San Jose Sharks,24,0.2857142857142857,6,0,80.0,17.0,39.0,0.4875,-1.75,2.7375,4.4875,1991.0,23.0
1992,NHL,STL,STL,St. Louis Blues,85,1.0119047619047619,4,1,80.0,36.0,83.0,1.0375,0.1625,3.4875,3.325,1991.0,16.0
1992,NHL,TBL,TBL,Tampa Bay Lightning,53,0.6309523809523809,6,0,,,,,,,,,22.0
1992,NHL,TOR,TOR,Toronto Maple Leafs,99,1.1785714285714286,3,0,80.0,30.0,67.0,0.8375,-0.75,2.925,3.675,1991.0,8.0
1992,NHL,VAN,VAN,Vancouver Canucks,101,1.2023809523809523,1,0,80.0,42.0,96.0,1.2,0.4375,3.5625,3.125,1991.0,7.0
1992,NHL,WAS,WAS,Washington Capitals,93,1.1071428571428572,2,0,80.0,45.0,98.0,1.225,0.6875,4.125,3.4375,1991.0,10.0
1992,NHL,WIN,PHO,Winnipeg Jets,87,1.0357142857142858,4,0,80.0,33.0,81.0,1.0125,0.0875,3.1375,3.05,1991.0,12.0
1993,NHL,ANA,ANA,Mighty Ducks of Anaheim,71,0.8452380952380952,4,0,,,,,,,,,20.0
1993,NHL,BOS,BOS,Boston Bruins,97,1.1547619047619047,2,0,84.0,51.0,109.0,1.2976190476190477,0.7619047619047619,3.9523809523809526,3.1904761904761907,1992.0,6.0
1993,NHL,BUF,BUF,Buffalo Sabres,95,1.130952380952381,4,0,84.0,38.0,86.0,1.0238095238095237,0.4523809523809524,3.988095238095238,3.5357142857142856,1992.0,10.0
1993,NHL,CAL,CAL,Calgary Flames,97,1.1547619047619047,1,0,84.0,43.0,97.0,1.1547619047619047,0.47619047619047616,3.8333333333333335,3.357142857142857,1992.0,6.0
1993,NHL,CHI,CHI,Chicago Blackhawks,87,1.0357142857142858,5,0,84.0,47.0,106.0,1.2619047619047619,0.5833333333333334,3.3214285714285716,2.738095238095238,1992.0,13.0
1993,NHL,DAL,DAL,Dallas Stars,97,1.1547619047619047,3,0,84.0,36.0,82.0,0.9761904761904762,-0.25,3.238095238095238,3.488095238095238,1992.0,6.0
1993,NHL,DET,DET,Detroit Red Wings,100,1.1904761904761905,1,0,84.0,47.0,103.0,1.2261904761904763,1.0595238095238095,4.392857142857143,3.3333333333333335,1992.0,4.0
1993,NHL,EDM,EDM,Edmonton Oilers,64,0.7619047619047619,6,1,84.0,26.0,60.0,0.7142857142857143,-1.130952380952381,2.880952380952381,4.011904761904762,1992.0,23.0
1993,NHL,FLO,FLO,Florida Panthers,83,0.9880952380952381,5,0,,,,,,,,,16.0
1993,NHL,HAR,CAR,Hartford Whalers,63,0.75,6,1,84.0,26.0,58.0,0.6904761904761905,-1.0119047619047619,3.380952380952381,4.392857142857143,1992.0,24.0
1993,NHL,LAK,LAK,Los Angeles Kings,66,0.7857142857142857,5,0,84.0,39.0,88.0,1.0476190476190477,-0.023809523809523808,4.023809523809524,4.0476190476190474,1992.0,22.0
1993,NHL,MTL,MTL,Montreal Canadiens,96,1.1428571428571428,3,0,84.0,48.0,102.0,1.2142857142857142,0.5476190476190477,3.880952380952381,3.3333333333333335,1992.0,9.0
1993,NHL,NJD,NJD,New Jersey Devils,106,1.2619047619047619,2,0,84.0,40.0,87.0,1.0357142857142858,0.10714285714285714,3.6666666666666665,3.5595238095238093,1992.0,2.0
1993,NHL,NYI,NYI,New York Islanders,84,1.0,4,0,84.0,40.0,87.0,1.0357142857142858,0.4523809523809524,3.988095238095238,3.5357142857142856,1992.0,15.0
1993,NHL,NYR,NYR,New York Rangers,112,1.3333333333333333,1,0,84.0,34.0,79.0,0.9404761904761905,-0.047619047619047616,3.619047619047619,3.6666666666666665,1992.0,1.0
1993,NHL,OTT,OTT,Ottawa Senators,37,0.44047619047619047,7,0,84.0,10.0,24.0,0.2857142857142857,-2.2976190476190474,2.4047619047619047,4.7023809523809526,1992.0,26.0
1993,NHL,PHI,PHI,Philadelphia Flyers,80,0.9523809523809523,6,0,84.0,36.0,83.0,0.9880952380952381,0.0,3.7976190476190474,3.7976190476190474,1992.0,18.0
1993,NHL,PIT,PIT,Pittsburgh Penguins,101,1.2023809523809523,1,0,84.0,56.0,119.0,1.4166666666666667,1.1785714285714286,4.369047619047619,3.1904761904761907,1992.0,3.0
1993,NHL,QUE,COL,Quebec Nordiques,76,0.9047619047619048,5,0,84.0,47.0,104.0,1.2380952380952381,0.6071428571428571,4.178571428571429,3.5714285714285716,1992.0,19.0
1993,NHL,SJS,SJS,San Jose Sharks,82,0.9761904761904762,3,0,84.0,11.0,24.0,0.2857142857142857,-2.3333333333333335,2.5952380952380953,4.928571428571429,1992.0,17.0
1993,NHL,STL,STL,St. Louis Blues,91,1.0833333333333333,4,0,84.0,37.0,85.0,1.0119047619047619,0.047619047619047616,3.357142857142857,3.3095238095238093,1992.0,11.0
1993,NHL,TBL,TBL,Tampa Bay Lightning,71,0.8452380952380952,7,0,84.0,23.0,53.0,0.6309523809523809,-1.0357142857142858,2.9166666666666665,3.9523809523809526,1992.0,20.0
1993,NHL,TOR,TOR,Toronto Maple Leafs,98,1.1666666666666667,2,0,84.0,44.0,99.0,1.1785714285714286,0.5595238095238095,3.4285714285714284,2.869047619047619,1992.0,5.0
1993,NHL,VAN,VAN,Vancouver Canucks,85,1.0119047619047619,2,0,84.0,46.0,101.0,1.2023809523809523,0.8095238095238095,4.119047619047619,3.3095238095238093,1992.0,14.0
1993,NHL,WAS,WAS,Washington Capitals,88,1.0476190476190477,3,1,84.0,43.0,93.0,1.1071428571428572,0.4642857142857143,3.869047619047619,3.4047619047619047,1992.0,12.0
1993,NHL,WIN,PHO,Winnipeg Jets,57,0.6785714285714286,6,0,84.0,40.0,87.0,1.0357142857142858,0.023809523809523808,3.8333333333333335,3.8095238095238093,1992.0,25.0
1994,NHL,ANA,ANA,Mighty Ducks of Anaheim,37,0.7708333333333334,6,0,84.0,33.0,71.0,0.8452380952380952,-0.2619047619047619,2.7261904761904763,2.988095238095238,1993.0,23.0
1994,NHL,BOS,BOS,Boston Bruins,57,1.1875,3,0,84.0,42.0,97.0,1.1547619047619047,0.44047619047619047,3.4404761904761907,3.0,1993.0,6.0
1994,NHL,BUF,BUF,Buffalo Sabres,51,1.0625,4,0,84.0,43.0,95.0,1.130952380952381,0.7619047619047619,3.357142857142857,2.5952380952380953,1993.0,11.0
1994,NHL,CAL,CAL,Calgary Flames,55,1.1458333333333333,1,0,84.0,42.0,97.0,1.1547619047619047,0.5476190476190477,3.5952380952380953,3.0476190476190474,1993.0,7.0
1994,NHL,CHI,CHI,Chicago Blackhawks,53,1.1041666666666667,3,0,84.0,39.0,87.0,1.0357142857142858,0.16666666666666666,3.0238095238095237,2.857142857142857,1993.0,8.0
1994,NHL,DAL,DAL,Dallas Stars,42,0.875,5,0,84.0,42.0,97.0,1.1547619047619047,0.25,3.4047619047619047,3.1547619047619047,1993.0,18.0
1994,NHL,DET,DET,Detroit Red Wings,70,1.4583333333333333,1,0,84.0,46.0,100.0,1.1904761904761905,0.9642857142857143,4.238095238095238,3.2738095238095237,1993.0,1.0
1994,NHL,EDM,EDM,Edmonton Oilers,38,0.7916666666666666,5,1,84.0,25.0,64.0,0.7619047619047619,-0.5238095238095238,3.107142857142857,3.630952380952381,1993.0,22.0
1994,NHL,FLO,FLO,Florida Panthers,46,0.9583333333333334,5,0,84.0,33.0,83.0,0.9880952380952381,0.0,2.7738095238095237,2.7738095238095237,1993.0,15.0
1994,NHL,HAR,CAR,Hartford Whalers,43,0.8958333333333334,5,0,84.0,27.0,63.0,0.75,-0.7261904761904762,2.7023809523809526,3.4285714285714284,1993.0,16.0
1994,NHL,LAK,LAK,Los Angeles Kings,41,0.8541666666666666,4,1,84.0,27.0,66.0,0.7857142857142857,-0.3333333333333333,3.5,3.8333333333333335,1993.0,20.0
1994,NHL,MTL,MTL,Montreal Canadiens,43,0.8958333333333334,6,0,84.0,41.0,96.0,1.1428571428571428,0.4166666666666667,3.369047619047619,2.9523809523809526,1993.0,16.0
1994,NHL,NJD,NJD,New Jersey Devils,52,1.0833333333333333,2,0,84.0,47.0,106.0,1.2619047619047619,1.0238095238095237,3.642857142857143,2.619047619047619,1993.0,9.0
1994,NHL,NYI,NYI,New York Islanders,35,0.7291666666666666,7,0,84.0,36.0,84.0,1.0,0.21428571428571427,3.357142857142857,3.142857142857143,1993.0,25.0
1994,NHL,NYR,NYR,New York Rangers,47,0.9791666666666666,4,0,84.0,52.0,112.0,1.3333333333333333,0.8095238095238095,3.5595238095238093,2.75,1993.0,14.0
1994,NHL,OTT,OTT,Ottawa Senators,23,0.4791666666666667,7,0,84.0,14.0,37.0,0.44047619047619047,-2.3333333333333335,2.392857142857143,4.726190476190476,1993.0,26.0
1994,NHL,PHI,PHI,Philadelphia Flyers,60,1.25,1,0,84.0,35.0,80.0,0.9523809523809523,-0.23809523809523808,3.5,3.738095238095238,1993.0,5.0
1994,NHL,PIT,PIT,Pittsburgh Penguins,61,1.2708333333333333,2,0,84.0,44.0,101.0,1.2023809523809523,0.16666666666666666,3.5595238095238093,3.392857142857143,1993.0,3.0
1994,NHL,QUE,COL,Quebec Nordiques,65,1.3541666666666667,1,0,84.0,34.0,76.0,0.9047619047619048,-0.17857142857142858,3.2976190476190474,3.4761904761904763,1993.0,2.0
1994,NHL,SJS,SJS,San Jose Sharks,42,0.875,3,0,84.0,33.0,82.0,0.9761904761904762,-0.15476190476190477,3.0,3.1547619047619047,1993.0,18.0
1994,NHL,STL,STL,St. Louis Blues,61,1.2708333333333333,2,0,84.0,40.0,91.0,1.0833333333333333,-0.15476190476190477,3.2142857142857144,3.369047619047619,1993.0,3.0
1994,NHL,TBL,TBL,Tampa Bay Lightning,37,0.7708333333333334,6,0,84.0,30.0,71.0,0.8452380952380952,-0.32142857142857145,2.6666666666666665,2.988095238095238,1993.0,23.0
1994,NHL,TOR,TOR,Toronto Maple Leafs,50,1.0416666666666667,4,0,84.0,43.0,98.0,1.1666666666666667,0.44047619047619047,3.3333333333333335,2.892857142857143,1993.0,12.0
1994,NHL,VAN,VAN,Vancouver Canucks,48,1.0,2,0,84.0,41.0,85.0,1.0119047619047619,0.03571428571428571,3.3214285714285716,3.2857142857142856,1993.0,13.0
1994,NHL,WAS,WAS,Washington Capitals,52,1.0833333333333333,3,0,84.0,39.0,88.0,1.0476190476190477,0.16666666666666666,3.2976190476190474,3.130952380952381,1993.0,9.0
1994,NHL,WIN,PHO,Winnipeg Jets,39,0.8125,6,1,84.0,24.0,57.0,0.6785714285714286,-1.1785714285714286,2.9166666666666665,4.095238095238095,1993.0,21.0
1995,NHL,ANA,ANA,Mighty Ducks of Anaheim,78,0.9512195121951219,4,0,48.0,16.0,37.0,0.7708333333333334,-0.8125,2.6041666666666665,3.4166666666666665,1994.0,17.0
1995,NHL,BOS,BOS,Boston Bruins,91,1.1097560975609757,2,0,48.0,27.0,57.0,1.1875,0.4791666666666667,3.125,2.6458333333333335,1994.0,8.0
1995,NHL,BUF,BUF,Buffalo Sabres,73,0.8902439024390244,5,0,48.0,22.0,51.0,1.0625,0.22916666666666666,2.7083333333333335,2.4791666666666665,1994.0,20.0
1995,NHL,CAL,CAL,Calgary Flames,79,0.9634146341463414,2,0,48.0,24.0,55.0,1.1458333333333333,0.5833333333333334,3.3958333333333335,2.8125,1994.0,15.0
1995,NHL,CHI,CHI,Chicago Blackhawks,94,1.146341463414634,2,0,48.0,24.0,53.0,1.1041666666666667,0.8541666666666666,3.25,2.3958333333333335,1994.0,6.0
1995,NHL,COL,COL,Colorado Avalanche,104,1.2682926829268293,1,0,48.0,30.0,65.0,1.3541666666666667,1.0625,3.8541666666666665,2.7916666666666665,1994.0,2.0
1995,NHL,DAL,DAL,Dallas Stars,66,0.8048780487804879,6,1,48.0,17.0,42.0,0.875,0.020833333333333332,2.8333333333333335,2.8125,1994.0,22.0
1995,NHL,DET,DET,Detroit Red Wings,131,1.5975609756097562,1,0,48.0,33.0,70.0,1.4583333333333333,1.3125,3.75,2.4375,1994.0,1.0
1995,NHL,EDM,EDM,Edmonton Oilers,68,0.8292682926829268,5,0,48.0,17.0,38.0,0.7916666666666666,-0.9791666666666666,2.8333333333333335,3.8125,1994.0,21.0
1995,NHL,FLO,FLO,Florida Panthers,92,1.1219512195121952,3,0,48.0,20.0,46.0,0.9583333333333334,-0.25,2.3958333333333335,2.6458333333333335,1994.0,7.0
1995,NHL,HAR,CAR,Hartford Whalers,77,0.9390243902439024,4,1,48.0,19.0,43.0,0.8958333333333334,-0.2916666666666667,2.6458333333333335,2.9375,1994.0,19.0
1995,NHL,LAK,LAK,Los Angeles Kings,66,0.8048780487804879,6,0,48.0,16.0,41.0,0.8541666666666666,-0.6666666666666666,2.9583333333333335,3.625,1994.0,22.0
1995,NHL,MTL,MTL,Montreal Canadiens,90,1.0975609756097562,3,1,48.0,18.0,43.0,0.8958333333333334,-0.4791666666666667,2.6041666666666665,3.0833333333333335,1994.0,9.0
1995,NHL,NJD,NJD,New Jersey Devils,86,1.048780487804878,6,0,48.0,22.0,52.0,1.0833333333333333,0.3125,2.8333333333333335,2.5208333333333335,1994.0,12.0
1995,NHL,NYI,NYI,New York Islanders,54,0.6585365853658537,7,0,48.0,15.0,35.0,0.7291666666666666,-0.6666666666666666,2.625,3.2916666666666665,1994.0,24.0
1995,NHL,NYR,NYR,New York Rangers,96,1.170731707317073,2,0,48.0,22.0,47.0,0.9791666666666666,0.10416666666666667,2.8958333333333335,2.7916666666666665,1994.0,5.0
1995,NHL,OTT,OTT,Ottawa Senators,41,0.5,6,1,48.0,9.0,23.0,0.4791666666666667,-1.1875,2.4375,3.625,1994.0,26.0
1995,NHL,PHI,PHI,Philadelphia Flyers,103,1.2560975609756098,1,0,48.0,28.0,60.0,1.25,0.375,3.125,2.75,1994.0,3.0
1995,NHL,PIT,PIT,Pittsburgh Penguins,102,1.2439024390243902,1,0,48.0,29.0,61.0,1.2708333333333333,0.4791666666666667,3.7708333333333335,3.2916666666666665,1994.0,4.0
1995,NHL,SJS,SJS,San Jose Sharks,47,0.573170731707317,7,1,48.0,19.0,42.0,0.875,-0.6666666666666666,2.6875,3.3541666666666665,1994.0,25.0
1995,NHL,STL,STL,St. Louis Blues,80,0.975609756097561,4,0,48.0,28.0,61.0,1.2708333333333333,0.8958333333333334,3.7083333333333335,2.8125,1994.0,13.0
1995,NHL,TBL,TBL,Tampa Bay Lightning,88,1.0731707317073171,5,0,48.0,17.0,37.0,0.7708333333333334,-0.5,2.5,3.0,1994.0,11.0
1995,NHL,TOR,TOR,Toronto Maple Leafs,80,0.975609756097561,3,1,48.0,21.0,50.0,1.0416666666666667,-0.22916666666666666,2.8125,3.0416666666666665,1994.0,13.0
1995,NHL,VAN,VAN,Vancouver Canucks,79,0.9634146341463414,3,1,48.0,18.0,48.0,1.0,0.10416666666666667,3.1875,3.0833333333333335,1994.0,15.0
1995,NHL,WAS,WAS,Washington Capitals,89,1.0853658536585367,4,0,48.0,22.0,52.0,1.0833333333333333,0.3333333333333333,2.8333333333333335,2.5,1994.0,10.0
1995,NHL,WIN,PHO,Winnipeg Jets,78,0.9512195121951219,5,0,48.0,16.0,39.0,0.8125,-0.4166666666666667,3.2708333333333335,3.6875,1994.0,17.0
1996,NHL,ANA,ANA,Mighty Ducks of Anaheim,85,1.0365853658536586,2,0,82.0,35.0,78.0,0.9512195121951219,-0.15853658536585366,2.8536585365853657,3.0121951219512195,1995.0,9.0
1996,NHL,BOS,BOS,Boston Bruins,61,0.7439024390243902,6,0,82.0,40.0,91.0,1.1097560975609757,0.15853658536585366,3.4390243902439024,3.2804878048780486,1995.0,26.0
1996,NHL,BUF,BUF,Buffalo Sabres,92,1.1219512195121952,1,0,82.0,33.0,73.0,0.8902439024390244,-0.18292682926829268,3.0121951219512195,3.1951219512195124,1995.0,6.0
1996,NHL,CAL,CAL,Calgary Flames,73,0.8902439024390244,5,0,82.0,34.0,79.0,0.9634146341463414,0.012195121951219513,2.9390243902439024,2.926829268292683,1995.0,21.0
1996,NHL,CHI,CHI,Chicago Blackhawks,81,0.9878048780487805,5,0,82.0,40.0,94.0,1.146341463414634,0.6463414634146342,3.3292682926829267,2.682926829268293,1995.0,13.0
1996,NHL,COL,COL,Colorado Avalanche,107,1.3048780487804879,1,0,82.0,47.0,104.0,1.2682926829268293,1.048780487804878,3.975609756097561,2.926829268292683,1995.0,1.0
1996,NHL,DAL,DAL,Dallas Stars,104,1.2682926829268293,1,0,82.0,26.0,66.0,0.8048780487804879,-0.6463414634146342,2.768292682926829,3.4146341463414633,1995.0,2.0
1996,NHL,DET,DET,Detroit Red Wings,94,1.146341463414634,2,0,82.0,62.0,131.0,1.5975609756097562,1.7560975609756098,3.9634146341463414,2.207317073170732,1995.0,5.0
1996,NHL,EDM,EDM,Edmonton Oilers,81,0.9878048780487805,3,0,82.0,30.0,68.0,0.8292682926829268,-0.7804878048780488,2.926829268292683,3.707317073170732,1995.0,13.0
1996,NHL,FLO,FLO,Florida Panthers,89,1.0853658536585367,3,0,82.0,41.0,92.0,1.1219512195121952,0.24390243902439024,3.097560975609756,2.8536585365853657,1995.0,7.0
1996,NHL,HAR,CAR,Hartford Whalers,75,0.9146341463414634,5,0,82.0,34.0,77.0,0.9390243902439024,-0.2682926829268293,2.8902439024390243,3.158536585365854,1995.0,18.0
1996,NHL,LAK,LAK,Los Angeles Kings,67,0.8170731707317073,6,0,82.0,24.0,66.0,0.8048780487804879,-0.5609756097560976,3.1219512195121952,3.682926829268293,1995.0,24.0
1996,NHL,MTL,MTL,Montreal Canadiens,77,0.9390243902439024,4,0,82.0,40.0,90.0,1.0975609756097562,0.2073170731707317,3.231707317073171,3.024390243902439,1995.0,15.0
1996,NHL,NJD,NJD,New Jersey Devils,104,1.2682926829268293,1,0,82.0,37.0,86.0,1.048780487804878,0.15853658536585366,2.6219512195121952,2.4634146341463414,1995.0,2.0
1996,NHL,NYI,NYI,New York Islanders,70,0.8536585365853658,7,1,82.0,22.0,54.0,0.6585365853658537,-1.048780487804878,2.792682926829268,3.841463414634146,1995.0,22.0
1996,NHL,NYR,NYR,New York Rangers,86,1.048780487804878,4,0,82.0,41.0,96.0,1.170731707317073,0.4268292682926829,3.317073170731707,2.8902439024390243,1995.0,8.0
1996,NHL,OTT,OTT,Ottawa Senators,77,0.9390243902439024,3,0,82.0,18.0,41.0,0.5,-1.2195121951219512,2.3292682926829267,3.548780487804878,1995.0,15.0
1996,NHL,PHI,PHI,Philadelphia Flyers,103,1.2560975609756098,2,0,82.0,45.0,103.0,1.2560975609756098,0.9024390243902439,3.4390243902439024,2.5365853658536586,1995.0,4.0
1996,NHL,PHO,PHO,Phoenix Coyotes,83,1.0121951219512195,3,0,82.0,36.0,78.0,0.9512195121951219,-0.1951219512195122,3.3536585365853657,3.548780487804878,1995.0,11.0
1996,NHL,PIT,PIT,Pittsburgh Penguins,84,1.024390243902439,2,1,82.0,49.0,102.0,1.2439024390243902,0.9512195121951219,4.414634146341464,3.4634146341463414,1995.0,10.0
1996,NHL,SJS,SJS,San Jose Sharks,62,0.7560975609756098,7,0,82.0,20.0,47.0,0.573170731707317,-1.2804878048780488,3.073170731707317,4.353658536585366,1995.0,25.0
1996,NHL,STL,STL,St. Louis Blues,83,1.0121951219512195,4,1,82.0,32.0,80.0,0.975609756097561,-0.35365853658536583,2.6707317073170733,3.024390243902439,1995.0,11.0
1996,NHL,TBL,TBL,Tampa Bay Lightning,74,0.9024390243902439,6,0,82.0,38.0,88.0,1.0731707317073171,-0.12195121951219512,2.902439024390244,3.024390243902439,1995.0,20.0
1996,NHL,TOR,TOR,Toronto Maple Leafs,68,0.8292682926829268,6,0,82.0,34.0,80.0,0.975609756097561,-0.06097560975609756,3.0121951219512195,3.073170731707317,1995.0,23.0
1996,NHL,VAN,VAN,Vancouver Canucks,77,0.9390243902439024,4,0,82.0,32.0,79.0,0.9634146341463414,0.0,3.3902439024390243,3.3902439024390243,1995.0,15.0
1996,NHL,WAS,WAS,Washington Capitals,75,0.9146341463414634,5,0,82.0,39.0,89.0,1.0853658536585367,0.36585365853658536,2.8536585365853657,2.4878048780487805,1995.0,18.0
1997,NHL,ANA,ANA,Mighty Ducks of Anaheim,65,0.7926829268292683,6,0,82.0,36.0,85.0,1.0365853658536586,0.14634146341463414,2.9878048780487805,2.841463414634146,1996.0,23.0
1997,NHL,BOS,BOS,Boston Bruins,91,1.1097560975609757,2,0,82.0,26.0,61.0,0.7439024390243902,-0.8048780487804879,2.8536585365853657,3.658536585365854,1996.0,9.0
1997,NHL,BUF,BUF,Buffalo Sabres,89,1.0853658536585367,3,0,82.0,40.0,92.0,1.1219512195121952,0.35365853658536583,2.8902439024390243,2.5365853658536586,1996.0,10.0
1997,NHL,CAL,CAL,Calgary Flames,67,0.8170731707317073,5,0,82.0,32.0,73.0,0.8902439024390244,-0.3048780487804878,2.6097560975609757,2.9146341463414633,1996.0,22.0
1997,NHL,CAR,CAR,Carolina Hurricanes,74,0.9024390243902439,6,0,82.0,32.0,75.0,0.9146341463414634,-0.36585365853658536,2.7560975609756095,3.1219512195121952,1996.0,17.0
1997,NHL,CHI,CHI,Chicago Blackhawks,73,0.8902439024390244,5,0,82.0,34.0,81.0,0.9878048780487805,0.15853658536585366,2.7195121951219514,2.5609756097560976,1996.0,18.0
1997,NHL,COL,COL,Colorado Avalanche,95,1.1585365853658536,1,0,82.0,49.0,107.0,1.3048780487804879,0.8780487804878049,3.3780487804878048,2.5,1996.0,6.0
1997,NHL,DAL,DAL,Dallas Stars,109,1.329268292682927,1,0,82.0,48.0,104.0,1.2682926829268293,0.6585365853658537,3.073170731707317,2.4146341463414633,1996.0,1.0
1997,NHL,DET,DET,Detroit Red Wings,103,1.2560975609756098,2,0,82.0,38.0,94.0,1.146341463414634,0.6829268292682927,3.0853658536585367,2.402439024390244,1996.0,3.0
1997,NHL,EDM,EDM,Edmonton Oilers,80,0.975609756097561,3,0,82.0,36.0,81.0,0.9878048780487805,0.06097560975609756,3.073170731707317,3.0121951219512195,1996.0,15.0
1997,NHL,FLO,FLO,Florida Panthers,63,0.7682926829268293,6,1,82.0,35.0,89.0,1.0853658536585367,0.24390243902439024,2.6951219512195124,2.451219512195122,1996.0,25.0
1997,NHL,LAK,LAK,Los Angeles Kings,87,1.0609756097560976,2,0,82.0,28.0,67.0,0.8170731707317073,-0.6585365853658537,2.6097560975609757,3.268292682926829,1996.0,11.0
1997,NHL,MTL,MTL,Montreal Canadiens,87,1.0609756097560976,4,0,82.0,31.0,77.0,0.9390243902439024,-0.32926829268292684,3.0365853658536586,3.3658536585365852,1996.0,11.0
1997,NHL,NJD,NJD,New Jersey Devils,107,1.3048780487804879,1,0,82.0,45.0,104.0,1.2682926829268293,0.5975609756097561,2.817073170731707,2.2195121951219514,1996.0,2.0
1997,NHL,NYI,NYI,New York Islanders,71,0.8658536585365854,4,1,82.0,29.0,70.0,0.8536585365853658,-0.12195121951219512,2.926829268292683,3.048780487804878,1996.0,19.0
1997,NHL,NYR,NYR,New York Rangers,68,0.8292682926829268,5,1,82.0,38.0,86.0,1.048780487804878,0.32926829268292684,3.1463414634146343,2.817073170731707,1996.0,21.0
1997,NHL,OTT,OTT,Ottawa Senators,83,1.0121951219512195,5,0,82.0,31.0,77.0,0.9390243902439024,-0.0975609756097561,2.7560975609756095,2.8536585365853657,1996.0,13.0
1997,NHL,PHI,PHI,Philadelphia Flyers,95,1.1585365853658536,2,1,82.0,45.0,103.0,1.2560975609756098,0.6951219512195121,3.341463414634146,2.6463414634146343,1996.0,6.0
1997,NHL,PHO,PHO,Phoenix Coyotes,82,1.0,4,0,82.0,38.0,83.0,1.0121951219512195,-0.036585365853658534,2.926829268292683,2.9634146341463414,1996.0,14.0
1997,NHL,PIT,PIT,Pittsburgh Penguins,98,1.1951219512195121,1,0,82.0,38.0,84.0,1.024390243902439,0.06097560975609756,3.475609756097561,3.4146341463414633,1996.0,4.0
1997,NHL,SJS,SJS,San Jose Sharks,78,0.9512195121951219,4,0,82.0,27.0,62.0,0.7560975609756098,-0.8170731707317073,2.573170731707317,3.3902439024390243,1996.0,16.0
1997,NHL,STL,STL,St. Louis Blues,98,1.1951219512195121,3,0,82.0,36.0,83.0,1.0121951219512195,-0.036585365853658534,2.8780487804878048,2.9146341463414633,1996.0,4.0
1997,NHL,TBL,TBL,Tampa Bay Lightning,44,0.5365853658536586,7,1,82.0,32.0,74.0,0.9024390243902439,-0.36585365853658536,2.6463414634146343,3.0121951219512195,1996.0,26.0
1997,NHL,TOR,TOR,Toronto Maple Leafs,69,0.8414634146341463,6,0,82.0,30.0,68.0,0.8292682926829268,-0.524390243902439,2.8048780487804876,3.3292682926829267,1996.0,20.0
1997,NHL,VAN,VAN,Vancouver Canucks,64,0.7804878048780488,7,1,82.0,35.0,77.0,0.9390243902439024,-0.1951219512195122,3.1341463414634148,3.3292682926829267,1996.0,24.0
1997,NHL,WAS,WAS,Washington Capitals,92,1.1219512195121952,3,0,82.0,33.0,75.0,0.9146341463414634,-0.2073170731707317,2.6097560975609757,2.817073170731707,1996.0,8.0
1998,NHL,ANA,ANA,Mighty Ducks of Anaheim,83,1.0121951219512195,3,0,82.0,26.0,65.0,0.7926829268292683,-0.6829268292682927,2.5,3.182926829268293,1997.0,14.0
1998,NHL,BOS,BOS,Boston Bruins,91,1.1097560975609757,3,0,82.0,39.0,91.0,1.1097560975609757,0.32926829268292684,2.6951219512195124,2.3658536585365852,1997.0,8.0
1998,NHL,BUF,BUF,Buffalo Sabres,91,1.1097560975609757,4,0,82.0,36.0,89.0,1.0853658536585367,0.2926829268292683,2.573170731707317,2.2804878048780486,1997.0,8.0
1998,NHL,CAL,CAL,Calgary Flames,72,0.8780487804878049,3,0,82.0,26.0,67.0,0.8170731707317073,-0.4268292682926829,2.6463414634146343,3.073170731707317,1997.0,20.0
1998,NHL,CAR,CAR,Carolina Hurricanes,86,1.048780487804878,1,0,82.0,33.0,74.0,0.9024390243902439,-0.23170731707317074,2.4390243902439024,2.6707317073170733,1997.0,13.0
1998,NHL,CHI,CHI,Chicago Blackhawks,70,0.8536585365853658,3,1,82.0,30.0,73.0,0.8902439024390244,-0.08536585365853659,2.341463414634146,2.426829268292683,1997.0,21.0
1998,NHL,COL,COL,Colorado Avalanche,98,1.1951219512195121,1,0,82.0,39.0,95.0,1.1585365853658536,0.3170731707317073,2.817073170731707,2.5,1997.0,4.0
1998,NHL,DAL,DAL,Dallas Stars,114,1.3902439024390243,1,0,82.0,49.0,109.0,1.329268292682927,0.9146341463414634,2.951219512195122,2.0365853658536586,1997.0,1.0
1998,NHL,DET,DET,Detroit Red Wings,93,1.1341463414634145,1,1,82.0,44.0,103.0,1.2560975609756098,0.6585365853658537,3.048780487804878,2.3902439024390243,1997.0,6.0
1998,NHL,EDM,EDM,Edmonton Oilers,78,0.9512195121951219,2,0,82.0,35.0,80.0,0.975609756097561,-0.10975609756097561,2.6219512195121952,2.731707317073171,1997.0,16.0
1998,NHL,FLO,FLO,Florida Panthers,78,0.9512195121951219,2,0,82.0,24.0,63.0,0.7682926829268293,-0.6463414634146342,2.475609756097561,3.1219512195121952,1997.0,16.0
1998,NHL,LAK,LAK,Los Angeles Kings,69,0.8414634146341463,5,0,82.0,38.0,87.0,1.0609756097560976,0.024390243902439025,2.768292682926829,2.7439024390243905,1997.0,22.0
1998,NHL,MTL,MTL,Montreal Canadiens,75,0.9146341463414634,5,0,82.0,37.0,87.0,1.0609756097560976,0.32926829268292684,2.8658536585365852,2.5365853658536586,1997.0,19.0
1998,NHL,NAS,NAS,Nashville Predators,63,0.7682926829268293,4,0,,,,,,,,,24.0
1998,NHL,NJD,NJD,New Jersey Devils,105,1.2804878048780488,1,0,82.0,48.0,107.0,1.3048780487804879,0.7195121951219512,2.7439024390243905,2.024390243902439,1997.0,2.0
1998,NHL,NYI,NYI,New York Islanders,58,0.7073170731707317,5,1,82.0,30.0,71.0,0.8658536585365854,-0.15853658536585366,2.5853658536585367,2.7439024390243905,1997.0,25.0
1998,NHL,NYR,NYR,New York Rangers,77,0.9390243902439024,4,0,82.0,25.0,68.0,0.8292682926829268,-0.4146341463414634,2.402439024390244,2.817073170731707,1997.0,18.0
1998,NHL,OTT,OTT,Ottawa Senators,103,1.2560975609756098,1,0,82.0,34.0,83.0,1.0121951219512195,-0.08536585365853659,2.3536585365853657,2.4390243902439024,1997.0,3.0
1998,NHL,PHI,PHI,Philadelphia Flyers,93,1.1341463414634145,2,0,82.0,42.0,95.0,1.1585365853658536,0.5975609756097561,2.951219512195122,2.3536585365853657,1997.0,6.0
1998,NHL,PHO,PHO,Phoenix Coyotes,90,1.0975609756097562,2,0,82.0,35.0,82.0,1.0,-0.036585365853658534,2.731707317073171,2.768292682926829,1997.0,10.0
1998,NHL,PIT,PIT,Pittsburgh Penguins,90,1.0975609756097562,3,0,82.0,40.0,98.0,1.1951219512195121,0.4878048780487805,2.7804878048780486,2.292682926829268,1997.0,10.0
1998,NHL,SJS,SJS,San Jose Sharks,80,0.975609756097561,4,0,82.0,34.0,78.0,0.9512195121951219,-0.07317073170731707,2.5609756097560976,2.6341463414634148,1997.0,15.0
1998,NHL,STL,STL,St. Louis Blues,87,1.0609756097560976,2,0,82.0,45.0,98.0,1.1951219512195121,0.6341463414634146,3.1219512195121952,2.4878048780487805,1997.0,12.0
1998,NHL,TBL,TBL,Tampa Bay Lightning,47,0.573170731707317,4,0,82.0,17.0,44.0,0.5365853658536586,-1.4390243902439024,1.8414634146341464,3.2804878048780486,1997.0,27.0
1998,NHL,TOR,TOR,Toronto Maple Leafs,97,1.1829268292682926,2,0,82.0,30.0,69.0,0.8414634146341463,-0.524390243902439,2.3658536585365852,2.8902439024390243,1997.0,5.0
1998,NHL,VAN,VAN,Vancouver Canucks,58,0.7073170731707317,4,1,82.0,25.0,64.0,0.7804878048780488,-0.5975609756097561,2.731707317073171,3.3292682926829267,1997.0,25.0
1998,NHL,WAS,WAS,Washington Capitals,68,0.8292682926829268,3,0,82.0,40.0,92.0,1.1219512195121952,0.2073170731707317,2.6707317073170733,2.4634146341463414,1997.0,23.0
1999,NHL,ANA,ANA,Mighty Ducks of Anaheim,83,1.0121951219512195,5,0,82.0,35.0,83.0,1.0121951219512195,0.10975609756097561,2.6219512195121952,2.5121951219512195,1998.0,18.0
1999,NHL,ATL,WPG,Atlanta Thrashers,39,0.47560975609756095,5,0,,,,,,,,,28.0
1999,NHL,BOS,BOS,Boston Bruins,73,0.8902439024390244,5,0,82.0,39.0,91.0,1.1097560975609757,0.4024390243902439,2.6097560975609757,2.207317073170732,1998.0,23.0
1999,NHL,BUF,BUF,Buffalo Sabres,85,1.0365853658536586,3,0,82.0,37.0,91.0,1.1097560975609757,0.3902439024390244,2.524390243902439,2.1341463414634148,1998.0,16.0
1999,NHL,CAL,CAL,Calgary Flames,77,0.9390243902439024,4,0,82.0,30.0,72.0,0.8780487804878049,-0.2804878048780488,2.573170731707317,2.8536585365853657,1998.0,22.0
1999,NHL,CAR,CAR,Carolina Hurricanes,84,1.024390243902439,3,0,82.0,34.0,86.0,1.048780487804878,0.0975609756097561,2.5609756097560976,2.4634146341463414,1998.0,17.0
1999,NHL,CHI,CHI,Chicago Blackhawks,78,0.9512195121951219,3,1,82.0,29.0,70.0,0.8536585365853658,-0.5609756097560976,2.4634146341463414,3.024390243902439,1998.0,21.0
1999,NHL,COL,COL,Colorado Avalanche,96,1.170731707317073,1,0,82.0,44.0,98.0,1.1951219512195121,0.4146341463414634,2.9146341463414633,2.5,1998.0,9.0
1999,NHL,DAL,DAL,Dallas Stars,102,1.2439024390243902,1,0,82.0,51.0,114.0,1.3902439024390243,0.8292682926829268,2.8780487804878048,2.048780487804878,1998.0,5.0
1999,NHL,DET,DET,Detroit Red Wings,108,1.3170731707317074,2,0,82.0,43.0,93.0,1.1341463414634145,0.524390243902439,2.9878048780487805,2.4634146341463414,1998.0,2.0
1999,NHL,EDM,EDM,Edmonton Oilers,88,1.0731707317073171,2,0,82.0,33.0,78.0,0.9512195121951219,0.04878048780487805,2.8048780487804876,2.7560975609756095,1998.0,13.0
1999,NHL,FLO,FLO,Florida Panthers,98,1.1951219512195121,2,0,82.0,30.0,78.0,0.9512195121951219,-0.21951219512195122,2.5609756097560976,2.7804878048780486,1998.0,8.0
1999,NHL,LAK,LAK,Los Angeles Kings,94,1.146341463414634,2,0,82.0,32.0,69.0,0.8414634146341463,-0.4024390243902439,2.3048780487804876,2.707317073170732,1998.0,11.0
1999,NHL,MTL,MTL,Montreal Canadiens,83,1.0121951219512195,4,0,82.0,32.0,75.0,0.9146341463414634,-0.3048780487804878,2.2439024390243905,2.548780487804878,1998.0,18.0
1999,NHL,NAS,NAS,Nashville Predators,70,0.8536585365853658,4,0,82.0,28.0,63.0,0.7682926829268293,-0.8658536585365854,2.317073170731707,3.182926829268293,1998.0,25.0
1999,NHL,NJD,NJD,New Jersey Devils,103,1.2560975609756098,2,1,82.0,47.0,105.0,1.2804878048780488,0.6341463414634146,3.024390243902439,2.3902439024390243,1998.0,4.0
1999,NHL,NYI,NYI,New York Islanders,58,0.7073170731707317,5,0,82.0,24.0,58.0,0.7073170731707317,-0.6097560975609756,2.3658536585365852,2.975609756097561,1998.0,26.0
1999,NHL,NYR,NYR,New York Rangers,73,0.8902439024390244,4,1,82.0,33.0,77.0,0.9390243902439024,-0.12195121951219512,2.6463414634146343,2.768292682926829,1998.0,23.0
1999,NHL,OTT,OTT,Ottawa Senators,95,1.1585365853658536,2,0,82.0,44.0,103.0,1.2560975609756098,0.7317073170731707,2.9146341463414633,2.182926829268293,1998.0,10.0
1999,NHL,PHI,PHI,Philadelphia Flyers,105,1.2804878048780488,1,0,82.0,37.0,93.0,1.1341463414634145,0.4268292682926829,2.817073170731707,2.3902439024390243,1998.0,3.0
1999,NHL,PHO,PHO,Phoenix Coyotes,90,1.0975609756097562,3,0,82.0,39.0,90.0,1.0975609756097562,0.0975609756097561,2.5,2.402439024390244,1998.0,12.0
1999,NHL,PIT,PIT,Pittsburgh Penguins,88,1.0731707317073171,3,1,82.0,38.0,90.0,1.0975609756097562,0.2073170731707317,2.951219512195122,2.7439024390243905,1998.0,13.0
1999,NHL,SJS,SJS,San Jose Sharks,87,1.0609756097560976,4,0,82.0,31.0,80.0,0.975609756097561,0.06097560975609756,2.3902439024390243,2.3292682926829267,1998.0,15.0
1999,NHL,STL,STL,St. Louis Blues,114,1.3902439024390243,1,0,82.0,37.0,87.0,1.0609756097560976,0.34146341463414637,2.8902439024390243,2.548780487804878,1998.0,1.0
1999,NHL,TBL,TBL,Tampa Bay Lightning,54,0.6585365853658537,4,0,82.0,19.0,47.0,0.573170731707317,-1.3780487804878048,2.182926829268293,3.5609756097560976,1998.0,27.0
1999,NHL,TOR,TOR,Toronto Maple Leafs,100,1.2195121951219512,1,0,82.0,45.0,97.0,1.1829268292682926,0.45121951219512196,3.268292682926829,2.817073170731707,1998.0,7.0
1999,NHL,VAN,VAN,Vancouver Canucks,83,1.0121951219512195,3,0,82.0,23.0,58.0,0.7073170731707317,-0.8048780487804879,2.341463414634146,3.1463414634146343,1998.0,18.0
1999,NHL,WAS,WAS,Washington Capitals,102,1.2439024390243902,1,0,82.0,31.0,68.0,0.8292682926829268,-0.21951219512195122,2.4390243902439024,2.658536585365854,1998.0,5.0
2000,NHL,ANA,ANA,Mighty Ducks of Anaheim,66,0.8048780487804879,5,1,82.0,34.0,83.0,1.0121951219512195,-0.12195121951219512,2.6463414634146343,2.768292682926829,1999.0,26.0
2000,NHL,ATL,WPG,Atlanta Thrashers,60,0.7317073170731707,4,0,82.0,14.0,39.0,0.47560975609756095,-1.7439024390243902,2.073170731707317,3.817073170731707,1999.0,28.0
2000,NHL,BOS,BOS,Boston Bruins,88,1.0731707317073171,4,1,82.0,24.0,73.0,0.8902439024390244,-0.4634146341463415,2.5609756097560976,3.024390243902439,1999.0,17.0
2000,NHL,BUF,BUF,Buffalo Sabres,98,1.1951219512195121,2,0,82.0,35.0,85.0,1.0365853658536586,0.10975609756097561,2.597560975609756,2.4878048780487805,1999.0,8.0
2000,NHL,CAL,CAL,Calgary Flames,73,0.8902439024390244,4,1,82.0,31.0,77.0,0.9390243902439024,-0.5487804878048781,2.573170731707317,3.1219512195121952,1999.0,20.0
2000,NHL,CAR,CAR,Carolina Hurricanes,88,1.0731707317073171,2,0,82.0,37.0,84.0,1.024390243902439,0.012195121951219513,2.6463414634146343,2.6341463414634148,1999.0,17.0
2000,NHL,CBS,CBS,Columbus Blue Jackets,71,0.8658536585365854,5,0,,,,,,,,,22.0
2000,NHL,CHI,CHI,Chicago Blackhawks,71,0.8658536585365854,4,0,82.0,33.0,78.0,0.9512195121951219,-0.036585365853658534,2.951219512195122,2.9878048780487805,1999.0,22.0
2000,NHL,COL,COL,Colorado Avalanche,118,1.4390243902439024,1,0,82.0,42.0,96.0,1.170731707317073,0.3902439024390244,2.841463414634146,2.451219512195122,1999.0,1.0
2000,NHL,DAL,DAL,Dallas Stars,106,1.2926829268292683,1,0,82.0,43.0,102.0,1.2439024390243902,0.32926829268292684,2.573170731707317,2.2439024390243905,1999.0,5.0
2000,NHL,DET,DET,Detroit Red Wings,111,1.353658536585366,1,0,82.0,48.0,108.0,1.3170731707317074,0.8292682926829268,3.3902439024390243,2.5609756097560976,1999.0,2.0
2000,NHL,EDM,EDM,Edmonton Oilers,93,1.1341463414634145,2,0,82.0,32.0,88.0,1.0731707317073171,0.17073170731707318,2.7560975609756095,2.5853658536585367,1999.0,12.0
2000,NHL,FLO,FLO,Florida Panthers,66,0.8048780487804879,3,1,82.0,43.0,98.0,1.1951219512195121,0.4268292682926829,2.975609756097561,2.548780487804878,1999.0,26.0
2000,NHL,LAK,LAK,Los Angeles Kings,92,1.1219512195121952,3,0,82.0,39.0,94.0,1.146341463414634,0.2073170731707317,2.9878048780487805,2.7804878048780486,1999.0,13.0
2000,NHL,MIN,MIN,Minnesota Wild,68,0.8292682926829268,5,0,,,,,,,,,25.0
2000,NHL,MTL,MTL,Montreal Canadiens,70,0.8536585365853658,5,1,82.0,35.0,83.0,1.0121951219512195,0.024390243902439025,2.3902439024390243,2.3658536585365852,1999.0,24.0
2000,NHL,NAS,NAS,Nashville Predators,80,0.975609756097561,3,0,82.0,28.0,70.0,0.8536585365853658,-0.5,2.426829268292683,2.926829268292683,1999.0,19.0
2000,NHL,NJD,NJD,New Jersey Devils,111,1.353658536585366,1,0,82.0,45.0,103.0,1.2560975609756098,0.5853658536585366,3.0609756097560976,2.475609756097561,1999.0,2.0
2000,NHL,NYI,NYI,New York Islanders,52,0.6341463414634146,5,1,82.0,24.0,58.0,0.7073170731707317,-0.9878048780487805,2.3658536585365852,3.3536585365853657,1999.0,30.0
2000,NHL,NYR,NYR,New York Rangers,72,0.8780487804878049,4,0,82.0,29.0,73.0,0.8902439024390244,-0.34146341463414637,2.658536585365854,3.0,1999.0,21.0
2000,NHL,OTT,OTT,Ottawa Senators,109,1.329268292682927,1,0,82.0,41.0,95.0,1.1585365853658536,0.4146341463414634,2.975609756097561,2.5609756097560976,1999.0,4.0
2000,NHL,PHI,PHI,Philadelphia Flyers,100,1.2195121951219512,2,1,82.0,45.0,105.0,1.2804878048780488,0.7073170731707317,2.8902439024390243,2.182926829268293,1999.0,7.0
2000,NHL,PHO,PHO,Phoenix Coyotes,90,1.0975609756097562,4,0,82.0,39.0,90.0,1.0975609756097562,0.04878048780487805,2.8292682926829267,2.7804878048780486,1999.0,14.0
2000,NHL,PIT,PIT,Pittsburgh Penguins,96,1.170731707317073,3,0,82.0,37.0,88.0,1.0731707317073171,0.06097560975609756,2.9390243902439024,2.8780487804878048,1999.0,9.0
2000,NHL,SJS,SJS,San Jose Sharks,95,1.1585365853658536,2,0,82.0,35.0,87.0,1.0609756097560976,0.13414634146341464,2.7439024390243905,2.6097560975609757,1999.0,11.0
2000,NHL,STL,STL,St. Louis Blues,103,1.2560975609756098,2,0,82.0,51.0,114.0,1.3902439024390243,1.0121951219512195,3.024390243902439,2.0121951219512195,1999.0,6.0
2000,NHL,TBL,TBL,Tampa Bay Lightning,59,0.7195121951219512,5,1,82.0,19.0,54.0,0.6585365853658537,-1.2926829268292683,2.4878048780487805,3.7804878048780486,1999.0,29.0
2000,NHL,TOR,TOR,Toronto Maple Leafs,90,1.0975609756097562,3,0,82.0,45.0,100.0,1.2195121951219512,0.2926829268292683,3.0,2.707317073170732,1999.0,14.0
2000,NHL,VAN,VAN,Vancouver Canucks,90,1.0975609756097562,3,0,82.0,30.0,83.0,1.0121951219512195,-0.12195121951219512,2.768292682926829,2.8902439024390243,1999.0,14.0
2000,NHL,WAS,WAS,Washington Capitals,96,1.170731707317073,1,0,82.0,44.0,102.0,1.2439024390243902,0.4024390243902439,2.768292682926829,2.3658536585365852,1999.0,9.0
2001,NHL,ANA,ANA,Mighty Ducks of Anaheim,69,0.8414634146341463,5,0,82.0,25.0,66.0,0.8048780487804879,-0.6951219512195121,2.292682926829268,2.9878048780487805,2000.0,24.0
2001,NHL,ATL,WPG,Atlanta Thrashers,54,0.6585365853658537,5,0,82.0,23.0,60.0,0.7317073170731707,-0.9512195121951219,2.573170731707317,3.524390243902439,2000.0,30.0
2001,NHL,BOS,BOS,Boston Bruins,101,1.2317073170731707,1,0,82.0,36.0,88.0,1.0731707317073171,-0.2682926829268293,2.768292682926829,3.0365853658536586,2000.0,2.0
2001,NHL,BUF,BUF,Buffalo Sabres,82,1.0,5,0,82.0,46.0,98.0,1.1951219512195121,0.4146341463414634,2.658536585365854,2.2439024390243905,2000.0,20.0
2001,NHL,CAL,CAL,Calgary Flames,79,0.9634146341463414,4,0,82.0,27.0,73.0,0.8902439024390244,-0.47560975609756095,2.402439024390244,2.8780487804878048,2000.0,22.0
2001,NHL,CAR,CAR,Carolina Hurricanes,91,1.1097560975609757,1,0,82.0,38.0,88.0,1.0731707317073171,-0.15853658536585366,2.5853658536585367,2.7439024390243905,2000.0,16.0
2001,NHL,CBS,CBS,Columbus Blue Jackets,57,0.6951219512195121,5,0,82.0,28.0,71.0,0.8658536585365854,-0.524390243902439,2.317073170731707,2.841463414634146,2000.0,29.0
2001,NHL,CHI,CHI,Chicago Blackhawks,96,1.170731707317073,3,0,82.0,29.0,71.0,0.8658536585365854,-0.43902439024390244,2.5609756097560976,3.0,2000.0,8.0
2001,NHL,COL,COL,Colorado Avalanche,99,1.2073170731707317,1,0,82.0,52.0,118.0,1.4390243902439024,0.9512195121951219,3.292682926829268,2.341463414634146,2000.0,4.0
2001,NHL,DAL,DAL,Dallas Stars,90,1.0975609756097562,4,1,82.0,48.0,106.0,1.2926829268292683,0.6585365853658537,2.9390243902439024,2.2804878048780486,2000.0,17.0
2001,NHL,DET,DET,Detroit Red Wings,116,1.4146341463414633,1,0,82.0,49.0,111.0,1.353658536585366,0.6219512195121951,3.0853658536585367,2.4634146341463414,2000.0,1.0
2001,NHL,EDM,EDM,Edmonton Oilers,92,1.1219512195121952,3,0,82.0,39.0,93.0,1.1341463414634145,0.25609756097560976,2.9634146341463414,2.707317073170732,2000.0,15.0
2001,NHL,FLO,FLO,Florida Panthers,60,0.7317073170731707,4,1,82.0,22.0,66.0,0.8048780487804879,-0.5609756097560976,2.4390243902439024,3.0,2000.0,28.0
2001,NHL,LAK,LAK,Los Angeles Kings,95,1.1585365853658536,3,0,82.0,38.0,92.0,1.1219512195121952,0.2926829268292683,3.073170731707317,2.7804878048780486,2000.0,10.0
2001,NHL,MIN,MIN,Minnesota Wild,73,0.8902439024390244,5,0,82.0,25.0,68.0,0.8292682926829268,-0.5121951219512195,2.048780487804878,2.5609756097560976,2000.0,23.0
2001,NHL,MTL,MTL,Montreal Canadiens,87,1.0609756097560976,4,0,82.0,28.0,70.0,0.8536585365853658,-0.3170731707317073,2.5121951219512195,2.8292682926829267,2000.0,18.0
2001,NHL,NAS,NAS,Nashville Predators,69,0.8414634146341463,4,0,82.0,34.0,80.0,0.975609756097561,-0.17073170731707318,2.268292682926829,2.4390243902439024,2000.0,24.0
2001,NHL,NJD,NJD,New Jersey Devils,95,1.1585365853658536,3,1,82.0,48.0,111.0,1.353658536585366,1.2195121951219512,3.597560975609756,2.3780487804878048,2000.0,10.0
2001,NHL,NYI,NYI,New York Islanders,96,1.170731707317073,2,0,82.0,21.0,52.0,0.6341463414634146,-1.0121951219512195,2.2560975609756095,3.268292682926829,2000.0,8.0
2001,NHL,NYR,NYR,New York Rangers,80,0.975609756097561,4,0,82.0,33.0,72.0,0.8780487804878049,-0.4878048780487805,3.048780487804878,3.5365853658536586,2000.0,21.0
2001,NHL,OTT,OTT,Ottawa Senators,94,1.146341463414634,3,1,82.0,48.0,109.0,1.329268292682927,0.8414634146341463,3.341463414634146,2.5,2000.0,13.0
2001,NHL,PHI,PHI,Philadelphia Flyers,97,1.1829268292682926,1,0,82.0,43.0,100.0,1.2195121951219512,0.4024390243902439,2.926829268292683,2.524390243902439,2000.0,7.0
2001,NHL,PHO,PHO,Phoenix Coyotes,95,1.1585365853658536,2,0,82.0,35.0,90.0,1.0975609756097562,0.024390243902439025,2.6097560975609757,2.5853658536585367,2000.0,10.0
2001,NHL,PIT,PIT,Pittsburgh Penguins,69,0.8414634146341463,5,1,82.0,42.0,96.0,1.170731707317073,0.3048780487804878,3.426829268292683,3.1219512195121952,2000.0,24.0
2001,NHL,SJS,SJS,San Jose Sharks,99,1.2073170731707317,1,0,82.0,40.0,95.0,1.1585365853658536,0.3048780487804878,2.6463414634146343,2.341463414634146,2000.0,4.0
2001,NHL,STL,STL,St. Louis Blues,98,1.1951219512195121,2,0,82.0,43.0,103.0,1.2560975609756098,0.6585365853658537,3.0365853658536586,2.3780487804878048,2000.0,6.0
2001,NHL,TBL,TBL,Tampa Bay Lightning,69,0.8414634146341463,3,0,82.0,24.0,59.0,0.7195121951219512,-0.9634146341463414,2.451219512195122,3.4146341463414633,2000.0,24.0
2001,NHL,TOR,TOR,Toronto Maple Leafs,100,1.2195121951219512,2,0,82.0,37.0,90.0,1.0975609756097562,0.3048780487804878,2.8292682926829267,2.524390243902439,2000.0,3.0
2001,NHL,VAN,VAN,Vancouver Canucks,94,1.146341463414634,2,0,82.0,36.0,90.0,1.0975609756097562,0.012195121951219513,2.9146341463414633,2.902439024390244,2000.0,13.0
2001,NHL,WAS,WAS,Washington Capitals,85,1.0365853658536586,2,0,82.0,41.0,96.0,1.170731707317073,0.2682926829268293,2.841463414634146,2.573170731707317,2000.0,19.0
2002,NHL,ANA,ANA,Mighty Ducks of Anaheim,95,1.1585365853658536,2,0,82.0,29.0,69.0,0.8414634146341463,-0.2804878048780488,2.1341463414634148,2.4146341463414633,2001.0,10.0
2002,NHL,ATL,WPG,Atlanta Thrashers,74,0.9024390243902439,3,1,82.0,19.0,54.0,0.6585365853658537,-1.2317073170731707,2.2804878048780486,3.5121951219512195,2001.0,23.0
2002,NHL,BOS,BOS,Boston Bruins,87,1.0609756097560976,3,1,82.0,43.0,101.0,1.2317073170731707,0.4268292682926829,2.8780487804878048,2.451219512195122,2001.0,15.0
2002,NHL,BUF,BUF,Buffalo Sabres,72,0.8780487804878049,5,0,82.0,35.0,82.0,1.0,0.15853658536585366,2.597560975609756,2.4390243902439024,2001.0,26.0
2002,NHL,CAL,CAL,Calgary Flames,75,0.9146341463414634,5,1,82.0,32.0,79.0,0.9634146341463414,-0.23170731707317074,2.451219512195122,2.682926829268293,2001.0,22.0
2002,NHL,CAR,CAR,Carolina Hurricanes,61,0.7439024390243902,5,0,82.0,35.0,91.0,1.1097560975609757,0.0,2.6463414634146343,2.6463414634146343,2001.0,30.0
2002,NHL,CBS,CBS,Columbus Blue Jackets,69,0.8414634146341463,5,1,82.0,22.0,57.0,0.6951219512195121,-1.1097560975609757,2.0,3.1097560975609757,2001.0,28.0
2002,NHL,CHI,CHI,Chicago Blackhawks,79,0.9634146341463414,3,0,82.0,41.0,96.0,1.170731707317073,0.10975609756097561,2.6341463414634148,2.524390243902439,2001.0,17.0
2002,NHL,COL,COL,Colorado Avalanche,105,1.2804878048780488,1,1,82.0,45.0,99.0,1.2073170731707317,0.524390243902439,2.5853658536585367,2.0609756097560976,2001.0,6.0
2002,NHL,DAL,DAL,Dallas Stars,111,1.353658536585366,1,0,82.0,36.0,90.0,1.0975609756097562,0.024390243902439025,2.6219512195121952,2.597560975609756,2001.0,2.0
2002,NHL,DET,DET,Detroit Red Wings,110,1.3414634146341464,1,0,82.0,51.0,116.0,1.4146341463414633,0.7804878048780488,3.0609756097560976,2.2804878048780486,2001.0,3.0
2002,NHL,EDM,EDM,Edmonton Oilers,92,1.1219512195121952,4,0,82.0,38.0,92.0,1.1219512195121952,0.2804878048780488,2.5,2.2195121951219514,2001.0,13.0
2002,NHL,FLO,FLO,Florida Panthers,70,0.8536585365853658,4,0,82.0,22.0,60.0,0.7317073170731707,-0.8536585365853658,2.1951219512195124,3.048780487804878,2001.0,27.0
2002,NHL,LAK,LAK,Los Angeles Kings,78,0.9512195121951219,3,0,82.0,40.0,95.0,1.1585365853658536,0.2926829268292683,2.6097560975609757,2.317073170731707,2001.0,18.0
2002,NHL,MIN,MIN,Minnesota Wild,95,1.1585365853658536,3,0,82.0,26.0,73.0,0.8902439024390244,-0.524390243902439,2.3780487804878048,2.902439024390244,2001.0,10.0
2002,NHL,MTL,MTL,Montreal Canadiens,77,0.9390243902439024,4,1,82.0,36.0,87.0,1.0609756097560976,-0.024390243902439025,2.524390243902439,2.548780487804878,2001.0,21.0
2002,NHL,NAS,NAS,Nashville Predators,74,0.9024390243902439,4,0,82.0,28.0,69.0,0.8414634146341463,-0.4146341463414634,2.3902439024390243,2.8048780487804876,2001.0,23.0
2002,NHL,NJD,NJD,New Jersey Devils,108,1.3170731707317074,1,0,82.0,41.0,95.0,1.1585365853658536,0.21951219512195122,2.5,2.2804878048780486,2001.0,4.0
2002,NHL,NYI,NYI,New York Islanders,83,1.0121951219512195,3,0,82.0,42.0,96.0,1.170731707317073,0.23170731707317074,2.9146341463414633,2.682926829268293,2001.0,16.0
2002,NHL,NYR,NYR,New York Rangers,78,0.9512195121951219,4,1,82.0,36.0,80.0,0.975609756097561,-0.3780487804878049,2.768292682926829,3.1463414634146343,2001.0,18.0
2002,NHL,OTT,OTT,Ottawa Senators,113,1.3780487804878048,1,0,82.0,39.0,94.0,1.146341463414634,0.4268292682926829,2.9634146341463414,2.5365853658536586,2001.0,1.0
2002,NHL,PHI,PHI,Philadelphia Flyers,107,1.3048780487804879,2,0,82.0,42.0,97.0,1.1829268292682926,0.5121951219512195,2.8536585365853657,2.341463414634146,2001.0,5.0
2002,NHL,PHO,PHO,Phoenix Coyotes,78,0.9512195121951219,4,0,82.0,40.0,95.0,1.1585365853658536,0.21951219512195122,2.7804878048780486,2.5609756097560976,2001.0,18.0
2002,NHL,PIT,PIT,Pittsburgh Penguins,65,0.7926829268292683,5,0,82.0,28.0,69.0,0.8414634146341463,-0.6219512195121951,2.4146341463414633,3.0365853658536586,2001.0,29.0
2002,NHL,SJS,SJS,San Jose Sharks,73,0.8902439024390244,5,1,82.0,44.0,99.0,1.2073170731707317,0.5975609756097561,3.024390243902439,2.426829268292683,2001.0,25.0
2002,NHL,STL,STL,St. Louis Blues,99,1.2073170731707317,2,0,82.0,43.0,98.0,1.1951219512195121,0.47560975609756095,2.768292682926829,2.292682926829268,2001.0,8.0
2002,NHL,TBL,TBL,Tampa Bay Lightning,93,1.1341463414634145,1,0,82.0,27.0,69.0,0.8414634146341463,-0.5,2.1707317073170733,2.6707317073170733,2001.0,12.0
2002,NHL,TOR,TOR,Toronto Maple Leafs,98,1.1951219512195121,2,0,82.0,43.0,100.0,1.2195121951219512,0.5121951219512195,3.0365853658536586,2.524390243902439,2001.0,9.0
2002,NHL,VAN,VAN,Vancouver Canucks,104,1.2682926829268293,2,0,82.0,42.0,94.0,1.146341463414634,0.524390243902439,3.097560975609756,2.573170731707317,2001.0,7.0
2002,NHL,WAS,WAS,Washington Capitals,92,1.1219512195121952,2,0,82.0,36.0,85.0,1.0365853658536586,-0.14634146341463414,2.7804878048780486,2.926829268292683,2001.0,13.0
2003,NHL,ANA,ANA,Mighty Ducks of Anaheim,76,0.926829268292683,4,0,82.0,40.0,95.0,1.1585365853658536,0.12195121951219512,2.475609756097561,2.3536585365853657,2002.0,22.0
2003,NHL,ATL,WPG,Atlanta Thrashers,78,0.9512195121951219,2,0,82.0,31.0,74.0,0.9024390243902439,-0.7073170731707317,2.7560975609756095,3.4634146341463414,2002.0,21.0
2003,NHL,BOS,BOS,Boston Bruins,104,1.2682926829268293,1,0,82.0,36.0,87.0,1.0609756097560976,0.0975609756097561,2.9878048780487805,2.8902439024390243,2002.0,3.0
2003,NHL,BUF,BUF,Buffalo Sabres,85,1.0365853658536586,5,0,82.0,27.0,72.0,0.8780487804878049,-0.35365853658536583,2.317073170731707,2.6707317073170733,2002.0,18.0
2003,NHL,CAL,CAL,Calgary Flames,94,1.146341463414634,3,0,82.0,29.0,75.0,0.9146341463414634,-0.5121951219512195,2.268292682926829,2.7804878048780486,2002.0,12.0
2003,NHL,CAR,CAR,Carolina Hurricanes,76,0.926829268292683,3,1,82.0,22.0,61.0,0.7439024390243902,-0.8414634146341463,2.0853658536585367,2.926829268292683,2002.0,22.0
2003,NHL,CBS,CBS,Columbus Blue Jackets,62,0.7560975609756098,4,1,82.0,29.0,69.0,0.8414634146341463,-0.6097560975609756,2.597560975609756,3.207317073170732,2002.0,27.0
2003,NHL,CHI,CHI,Chicago Blackhawks,59,0.7195121951219512,5,0,82.0,30.0,79.0,0.9634146341463414,-0.23170731707317074,2.524390243902439,2.7560975609756095,2002.0,28.0
2003,NHL,COL,COL,Colorado Avalanche,100,1.2195121951219512,2,0,82.0,42.0,105.0,1.2804878048780488,0.6951219512195121,3.0609756097560976,2.3658536585365852,2002.0,9.0
2003,NHL,DAL,DAL,Dallas Stars,97,1.1829268292682926,2,0,82.0,46.0,111.0,1.353658536585366,0.926829268292683,2.9878048780487805,2.0609756097560976,2002.0,11.0
2003,NHL,DET,DET,Detroit Red Wings,109,1.329268292682927,1,0,82.0,48.0,110.0,1.3414634146341464,0.8048780487804879,3.2804878048780486,2.475609756097561,2002.0,1.0
2003,NHL,EDM,EDM,Edmonton Oilers,89,1.0853658536585367,4,0,82.0,36.0,92.0,1.1219512195121952,0.012195121951219513,2.817073170731707,2.8048780487804876,2002.0,17.0
2003,NHL,FLO,FLO,Florida Panthers,75,0.9146341463414634,4,1,82.0,24.0,70.0,0.8536585365853658,-0.7439024390243902,2.1463414634146343,2.8902439024390243,2002.0,24.0
2003,NHL,LAK,LAK,Los Angeles Kings,81,0.9878048780487805,3,0,82.0,33.0,78.0,0.9512195121951219,-0.21951219512195122,2.475609756097561,2.6951219512195124,2002.0,20.0
2003,NHL,MIN,MIN,Minnesota Wild,83,1.0121951219512195,5,0,82.0,42.0,95.0,1.1585365853658536,0.24390243902439024,2.4146341463414633,2.1707317073170733,2002.0,19.0
2003,NHL,MTL,MTL,Montreal Canadiens,93,1.1341463414634145,4,0,82.0,30.0,77.0,0.9390243902439024,-0.34146341463414637,2.5121951219512195,2.8536585365853657,2002.0,13.0
2003,NHL,NAS,NAS,Nashville Predators,91,1.1097560975609757,3,0,82.0,27.0,74.0,0.9024390243902439,-0.2804878048780488,2.231707317073171,2.5121951219512195,2002.0,14.0
2003,NHL,NJD,NJD,New Jersey Devils,100,1.2195121951219512,2,0,82.0,46.0,108.0,1.3170731707317074,0.6097560975609756,2.6341463414634148,2.024390243902439,2002.0,9.0
2003,NHL,NYI,NYI,New York Islanders,91,1.1097560975609757,3,0,82.0,35.0,83.0,1.0121951219512195,-0.08536585365853659,2.731707317073171,2.817073170731707,2002.0,14.0
2003,NHL,NYR,NYR,New York Rangers,69,0.8414634146341463,4,1,82.0,32.0,78.0,0.9512195121951219,-0.25609756097560976,2.5609756097560976,2.817073170731707,2002.0,25.0
2003,NHL,OTT,OTT,Ottawa Senators,102,1.2439024390243902,3,0,82.0,52.0,113.0,1.3780487804878048,0.9878048780487805,3.207317073170732,2.2195121951219514,2002.0,6.0
2003,NHL,PHI,PHI,Philadelphia Flyers,101,1.2317073170731707,1,0,82.0,45.0,107.0,1.3048780487804879,0.5487804878048781,2.573170731707317,2.024390243902439,2002.0,7.0
2003,NHL,PHO,PHO,Phoenix Coyotes,68,0.8292682926829268,5,1,82.0,31.0,78.0,0.9512195121951219,-0.3170731707317073,2.4878048780487805,2.8048780487804876,2002.0,26.0
2003,NHL,PIT,PIT,Pittsburgh Penguins,58,0.7073170731707317,5,0,82.0,27.0,65.0,0.7926829268292683,-0.8048780487804879,2.3048780487804876,3.1097560975609757,2002.0,30.0
2003,NHL,SJS,SJS,San Jose Sharks,104,1.2682926829268293,1,0,82.0,28.0,73.0,0.8902439024390244,-0.3048780487804878,2.6097560975609757,2.9146341463414633,2002.0,3.0
2003,NHL,STL,STL,St. Louis Blues,91,1.1097560975609757,2,1,82.0,41.0,99.0,1.2073170731707317,0.3780487804878049,3.0853658536585367,2.707317073170732,2002.0,14.0
2003,NHL,TBL,TBL,Tampa Bay Lightning,106,1.2926829268292683,1,0,82.0,36.0,93.0,1.1341463414634145,0.10975609756097561,2.6707317073170733,2.5609756097560976,2002.0,2.0
2003,NHL,TOR,TOR,Toronto Maple Leafs,103,1.2560975609756098,2,0,82.0,44.0,98.0,1.1951219512195121,0.34146341463414637,2.8780487804878048,2.5365853658536586,2002.0,5.0
2003,NHL,VAN,VAN,Vancouver Canucks,101,1.2317073170731707,1,0,82.0,45.0,104.0,1.2682926829268293,0.6829268292682927,3.2195121951219514,2.5365853658536586,2002.0,7.0
2003,NHL,WAS,WAS,Washington Capitals,59,0.7195121951219512,5,1,82.0,39.0,92.0,1.1219512195121952,0.04878048780487805,2.731707317073171,2.682926829268293,2002.0,28.0
2005,NHL,ANA,ANA,Mighty Ducks of Anaheim,98,1.1951219512195121,3,0,,,,,,,,,12.0
2005,NHL,ATL,WPG,Atlanta Thrashers,90,1.0975609756097562,3,0,,,,,,,,,18.0
2005,NHL,BOS,BOS,Boston Bruins,74,0.9024390243902439,5,0,,,,,,,,,25.0
2005,NHL,BUF,BUF,Buffalo Sabres,110,1.3414634146341464,2,0,,,,,,,,,5.0
2005,NHL,CAL,CAL,Calgary Flames,103,1.2560975609756098,1,0,,,,,,,,,7.0
2005,NHL,CAR,CAR,Carolina Hurricanes,112,1.3658536585365855,1,0,,,,,,,,,3.0
2005,NHL,CBS,CBS,Columbus Blue Jackets,74,0.9024390243902439,3,0,,,,,,,,,25.0
2005,NHL,CHI,CHI,Chicago Blackhawks,65,0.7926829268292683,4,0,,,,,,,,,28.0
2005,NHL,COL,COL,Colorado Avalanche,95,1.1585365853658536,2,0,,,,,,,,,13.0
2005,NHL,DAL,DAL,Dallas Stars,112,1.3658536585365855,1,0,,,,,,,,,3.0
2005,NHL,DET,DET,Detroit Red Wings,124,1.5121951219512195,1,0,,,,,,,,,1.0
2005,NHL,EDM,EDM,Edmonton Oilers,95,1.1585365853658536,3,0,,,,,,,,,13.0
2005,NHL,FLO,FLO,Florida Panthers,85,1.0365853658536586,4,0,,,,,,,,,21.0
2005,NHL,LAK,LAK,Los Angeles Kings,89,1.0853658536585367,4,1,,,,,,,,,20.0
2005,NHL,MIN,MIN,Minnesota Wild,84,1.024390243902439,5,0,,,,,,,,,22.0
2005,NHL,MTL,MTL,Montreal Canadiens,93,1.1341463414634145,3,1,,,,,,,,,15.0
2005,NHL,NAS,NAS,Nashville Predators,106,1.2926829268292683,2,0,,,,,,,,,6.0
2005,NHL,NJD,NJD,New Jersey Devils,101,1.2317073170731707,1,1,,,,,,,,,8.0
2005,NHL,NYI,NYI,New York Islanders,78,0.9512195121951219,4,1,,,,,,,,,24.0
2005,NHL,NYR,NYR,New York Rangers,100,1.2195121951219512,3,0,,,,,,,,,10.0
2005,NHL,OTT,OTT,Ottawa Senators,113,1.3780487804878048,1,0,,,,,,,,,2.0
2005,NHL,PHI,PHI,Philadelphia Flyers,101,1.2317073170731707,2,0,,,,,,,,,8.0
2005,NHL,PHO,PHO,Phoenix Coyotes,81,0.9878048780487805,5,0,,,,,,,,,23.0
2005,NHL,PIT,PIT,Pittsburgh Penguins,58,0.7073170731707317,5,1,,,,,,,,,29.0
2005,NHL,SJS,SJS,San Jose Sharks,99,1.2073170731707317,2,0,,,,,,,,,11.0
2005,NHL,STL,STL,St. Louis Blues,57,0.6951219512195121,5,0,,,,,,,,,30.0
2005,NHL,TBL,TBL,Tampa Bay Lightning,92,1.1219512195121952,2,0,,,,,,,,,16.0
2005,NHL,TOR,TOR,Toronto Maple Leafs,90,1.0975609756097562,4,0,,,,,,,,,18.0
2005,NHL,VAN,VAN,Vancouver Canucks,92,1.1219512195121952,4,0,,,,,,,,,16.0
2005,NHL,WAS,WAS,Washington Capitals,70,0.8536585365853658,5,0,,,,,,,,,27.0
2006,NHL,AND,ANA,Anaheim Ducks,110,1.3414634146341464,1,0,82.0,43.0,98.0,1.1951219512195121,0.3048780487804878,3.097560975609756,2.792682926829268,2005.0,3.0
2006,NHL,ATL,WPG,Atlanta Thrashers,97,1.1829268292682926,1,0,82.0,41.0,90.0,1.0975609756097562,0.07317073170731707,3.426829268292683,3.3536585365853657,2005.0,12.0
2006,NHL,BOS,BOS,Boston Bruins,76,0.926829268292683,5,0,82.0,29.0,74.0,0.9024390243902439,-0.43902439024390244,2.8048780487804876,3.2439024390243905,2005.0,23.0
2006,NHL,BUF,BUF,Buffalo Sabres,113,1.3780487804878048,1,0,82.0,52.0,110.0,1.3414634146341464,0.5121951219512195,3.426829268292683,2.9146341463414633,2005.0,1.0
2006,NHL,CAL,CAL,Calgary Flames,96,1.170731707317073,3,0,82.0,46.0,103.0,1.2560975609756098,0.21951219512195122,2.658536585365854,2.4390243902439024,2005.0,13.0
2006,NHL,CAR,CAR,Carolina Hurricanes,88,1.0731707317073171,3,0,82.0,52.0,112.0,1.3658536585365855,0.4146341463414634,3.5853658536585367,3.1707317073170733,2005.0,20.0
2006,NHL,CBS,CBS,Columbus Blue Jackets,73,0.8902439024390244,4,1,82.0,35.0,74.0,0.9024390243902439,-0.6829268292682927,2.7195121951219514,3.402439024390244,2005.0,24.0
2006,NHL,CHI,CHI,Chicago Blackhawks,71,0.8658536585365854,5,1,82.0,26.0,65.0,0.7926829268292683,-0.9024390243902439,2.573170731707317,3.475609756097561,2005.0,25.0
2006,NHL,COL,COL,Colorado Avalanche,95,1.1585365853658536,4,0,82.0,43.0,95.0,1.1585365853658536,0.3170731707317073,3.451219512195122,3.1341463414634148,2005.0,14.0
2006,NHL,DAL,DAL,Dallas Stars,107,1.3048780487804879,3,0,82.0,53.0,112.0,1.3658536585365855,0.573170731707317,3.231707317073171,2.658536585365854,2005.0,5.0
2006,NHL,DET,DET,Detroit Red Wings,113,1.3780487804878048,1,0,82.0,58.0,124.0,1.5121951219512195,1.170731707317073,3.7195121951219514,2.548780487804878,2005.0,1.0
2006,NHL,EDM,EDM,Edmonton Oilers,71,0.8658536585365854,5,0,82.0,41.0,95.0,1.1585365853658536,0.06097560975609756,3.1219512195121952,3.0609756097560976,2005.0,25.0
2006,NHL,FLO,FLO,Florida Panthers,86,1.048780487804878,4,0,82.0,37.0,85.0,1.0365853658536586,-0.2073170731707317,2.926829268292683,3.1341463414634148,2005.0,21.0
2006,NHL,LAK,LAK,Los Angeles Kings,68,0.8292682926829268,4,0,82.0,42.0,89.0,1.0853658536585367,-0.25609756097560976,3.0365853658536586,3.292682926829268,2005.0,28.0
2006,NHL,MIN,MIN,Minnesota Wild,104,1.2682926829268293,2,0,82.0,38.0,84.0,1.024390243902439,0.1951219512195122,2.817073170731707,2.6219512195121952,2005.0,11.0
2006,NHL,MTL,MTL,Montreal Canadiens,90,1.0975609756097562,4,0,82.0,42.0,93.0,1.1341463414634145,-0.04878048780487805,2.9634146341463414,3.0121951219512195,2005.0,19.0
2006,NHL,NAS,NAS,Nashville Predators,110,1.3414634146341464,2,0,82.0,49.0,106.0,1.2926829268292683,0.3902439024390244,3.158536585365854,2.768292682926829,2005.0,3.0
2006,NHL,NJD,NJD,New Jersey Devils,107,1.3048780487804879,1,1,82.0,46.0,101.0,1.2317073170731707,0.15853658536585366,2.951219512195122,2.792682926829268,2005.0,5.0
2006,NHL,NYI,NYI,New York Islanders,92,1.1219512195121952,4,0,82.0,36.0,78.0,0.9512195121951219,-0.5853658536585366,2.8048780487804876,3.3902439024390243,2005.0,17.0
2006,NHL,NYR,NYR,New York Rangers,94,1.146341463414634,3,0,82.0,44.0,100.0,1.2195121951219512,0.5121951219512195,3.1341463414634148,2.6219512195121952,2005.0,15.0
2006,NHL,OTT,OTT,Ottawa Senators,105,1.2804878048780488,2,0,82.0,52.0,113.0,1.3780487804878048,1.2560975609756098,3.8292682926829267,2.573170731707317,2005.0,8.0
2006,NHL,PHI,PHI,Philadelphia Flyers,56,0.6829268292682927,5,1,82.0,45.0,101.0,1.2317073170731707,0.0975609756097561,3.2560975609756095,3.158536585365854,2005.0,30.0
2006,NHL,PHO,PHO,Phoenix Coyotes,67,0.8170731707317073,5,0,82.0,38.0,81.0,0.9878048780487805,-0.3048780487804878,3.0,3.3048780487804876,2005.0,29.0
2006,NHL,PIT,PIT,Pittsburgh Penguins,105,1.2804878048780488,2,0,82.0,22.0,58.0,0.7073170731707317,-0.8780487804878049,2.975609756097561,3.8536585365853657,2005.0,8.0
2006,NHL,SJS,SJS,San Jose Sharks,107,1.3048780487804879,2,0,82.0,44.0,99.0,1.2073170731707317,0.2926829268292683,3.2439024390243905,2.951219512195122,2005.0,5.0
2006,NHL,STL,STL,St. Louis Blues,81,0.9878048780487805,3,1,82.0,21.0,57.0,0.6951219512195121,-1.1585365853658536,2.402439024390244,3.5609756097560976,2005.0,22.0
2006,NHL,TBL,TBL,Tampa Bay Lightning,93,1.1341463414634145,2,0,82.0,43.0,92.0,1.1219512195121952,-0.0975609756097561,3.073170731707317,3.1707317073170733,2005.0,16.0
2006,NHL,TOR,TOR,Toronto Maple Leafs,91,1.1097560975609757,3,0,82.0,41.0,90.0,1.0975609756097562,-0.15853658536585366,3.1341463414634148,3.292682926829268,2005.0,18.0
2006,NHL,VAN,VAN,Vancouver Canucks,105,1.2804878048780488,1,0,82.0,42.0,92.0,1.1219512195121952,0.012195121951219513,3.1219512195121952,3.1097560975609757,2005.0,8.0
2006,NHL,WAS,WAS,Washington Capitals,70,0.8536585365853658,5,0,82.0,29.0,70.0,0.8536585365853658,-0.8414634146341463,2.8902439024390243,3.731707317073171,2005.0,27.0
2007,NHL,AND,ANA,Anaheim Ducks,102,1.2439024390243902,2,0,82.0,48.0,110.0,1.3414634146341464,0.6097560975609756,3.1463414634146343,2.5365853658536586,2006.0,4.0
2007,NHL,ATL,WPG,Atlanta Thrashers,76,0.926829268292683,4,1,82.0,43.0,97.0,1.1829268292682926,0.012195121951219513,3.0,2.9878048780487805,2006.0,28.0
2007,NHL,BOS,BOS,Boston Bruins,94,1.146341463414634,3,0,82.0,35.0,76.0,0.926829268292683,-0.8536585365853658,2.6707317073170733,3.524390243902439,2006.0,12.0
2007,NHL,BUF,BUF,Buffalo Sabres,90,1.0975609756097562,4,0,82.0,53.0,113.0,1.3780487804878048,0.8048780487804879,3.7560975609756095,2.951219512195122,2006.0,18.0
2007,NHL,CAL,CAL,Calgary Flames,94,1.146341463414634,3,0,82.0,43.0,96.0,1.170731707317073,0.3902439024390244,3.1463414634146343,2.7560975609756095,2006.0,12.0
2007,NHL,CAR,CAR,Carolina Hurricanes,92,1.1219512195121952,2,0,82.0,40.0,88.0,1.0731707317073171,-0.14634146341463414,2.9390243902439024,3.0853658536585367,2006.0,16.0
2007,NHL,CBS,CBS,Columbus Blue Jackets,80,0.975609756097561,4,0,82.0,33.0,73.0,0.8902439024390244,-0.5853658536585366,2.451219512195122,3.0365853658536586,2006.0,25.0
2007,NHL,CHI,CHI,Chicago Blackhawks,88,1.0731707317073171,3,0,82.0,31.0,71.0,0.8658536585365854,-0.6951219512195121,2.451219512195122,3.1463414634146343,2006.0,19.0
2007,NHL,COL,COL,Colorado Avalanche,95,1.1585365853658536,2,0,82.0,44.0,95.0,1.1585365853658536,0.25609756097560976,3.317073170731707,3.0609756097560976,2006.0,10.0
2007,NHL,DAL,DAL,Dallas Stars,97,1.1829268292682926,3,0,82.0,50.0,107.0,1.3048780487804879,0.35365853658536583,2.7560975609756095,2.402439024390244,2006.0,8.0
2007,NHL,DET,DET,Detroit Red Wings,115,1.4024390243902438,1,0,82.0,50.0,113.0,1.3780487804878048,0.6707317073170732,3.097560975609756,2.426829268292683,2006.0,1.0
2007,NHL,EDM,EDM,Edmonton Oilers,88,1.0731707317073171,4,0,82.0,32.0,71.0,0.8658536585365854,-0.6463414634146342,2.3780487804878048,3.024390243902439,2006.0,19.0
2007,NHL,FLO,FLO,Florida Panthers,85,1.0365853658536586,3,0,82.0,35.0,86.0,1.048780487804878,-0.12195121951219512,3.0121951219512195,3.1341463414634148,2006.0,22.0
2007,NHL,LAK,LAK,Los Angeles Kings,71,0.8658536585365854,5,0,82.0,27.0,68.0,0.8292682926829268,-0.6829268292682927,2.768292682926829,3.451219512195122,2006.0,29.0
2007,NHL,MIN,MIN,Minnesota Wild,98,1.1951219512195121,1,0,82.0,48.0,104.0,1.2682926829268293,0.5365853658536586,2.8658536585365852,2.3292682926829267,2006.0,7.0
2007,NHL,MTL,MTL,Montreal Canadiens,104,1.2682926829268293,1,0,82.0,42.0,90.0,1.0975609756097562,-0.13414634146341464,2.9878048780487805,3.1219512195121952,2006.0,3.0
2007,NHL,NAS,NAS,Nashville Predators,91,1.1097560975609757,2,0,82.0,51.0,110.0,1.3414634146341464,0.7317073170731707,3.317073170731707,2.5853658536585367,2006.0,17.0
2007,NHL,NJD,NJD,New Jersey Devils,99,1.2073170731707317,2,0,82.0,49.0,107.0,1.3048780487804879,0.18292682926829268,2.6341463414634148,2.451219512195122,2006.0,6.0
2007,NHL,NYI,NYI,New York Islanders,79,0.9634146341463414,5,1,82.0,40.0,92.0,1.1219512195121952,0.0975609756097561,3.024390243902439,2.926829268292683,2006.0,26.0
2007,NHL,NYR,NYR,New York Rangers,97,1.1829268292682926,3,0,82.0,42.0,94.0,1.146341463414634,0.3170731707317073,2.951219512195122,2.6341463414634148,2006.0,8.0
2007,NHL,OTT,OTT,Ottawa Senators,94,1.146341463414634,2,1,82.0,48.0,105.0,1.2804878048780488,0.8048780487804879,3.5121951219512195,2.707317073170732,2006.0,12.0
2007,NHL,PHI,PHI,Philadelphia Flyers,95,1.1585365853658536,4,0,82.0,22.0,56.0,0.6829268292682927,-1.0853658536585367,2.6097560975609757,3.6951219512195124,2006.0,10.0
2007,NHL,PHO,PHO,Phoenix Coyotes,83,1.0121951219512195,4,0,82.0,31.0,67.0,0.8170731707317073,-0.8292682926829268,2.6341463414634148,3.4634146341463414,2006.0,23.0
2007,NHL,PIT,PIT,Pittsburgh Penguins,102,1.2439024390243902,1,0,82.0,47.0,105.0,1.2804878048780488,0.3780487804878049,3.3780487804878048,3.0,2006.0,4.0
2007,NHL,SJS,SJS,San Jose Sharks,108,1.3170731707317074,1,0,82.0,51.0,107.0,1.3048780487804879,0.7195121951219512,3.1463414634146343,2.426829268292683,2006.0,2.0
2007,NHL,STL,STL,St. Louis Blues,79,0.9634146341463414,5,0,82.0,34.0,81.0,0.9878048780487805,-0.4878048780487805,2.6097560975609757,3.097560975609756,2006.0,26.0
2007,NHL,TBL,TBL,Tampa Bay Lightning,71,0.8658536585365854,5,0,82.0,44.0,93.0,1.1341463414634145,-0.0975609756097561,3.0853658536585367,3.182926829268293,2006.0,29.0
2007,NHL,TOR,TOR,Toronto Maple Leafs,83,1.0121951219512195,5,0,82.0,40.0,91.0,1.1097560975609757,-0.13414634146341464,3.1463414634146343,3.2804878048780486,2006.0,23.0
2007,NHL,VAN,VAN,Vancouver Canucks,88,1.0731707317073171,5,0,82.0,49.0,105.0,1.2804878048780488,0.25609756097560976,2.707317073170732,2.451219512195122,2006.0,19.0
2007,NHL,WAS,WAS,Washington Capitals,94,1.146341463414634,1,1,82.0,28.0,70.0,0.8536585365853658,-0.6219512195121951,2.8658536585365852,3.4878048780487805,2006.0,12.0
2008,NHL,AND,ANA,Anaheim Ducks,91,1.1097560975609757,2,0,82.0,47.0,102.0,1.2439024390243902,0.17073170731707318,2.5,2.3292682926829267,2007.0,17.0
2008,NHL,ATL,WPG,Atlanta Thrashers,76,0.926829268292683,4,0,82.0,34.0,76.0,0.926829268292683,-0.6829268292682927,2.6341463414634148,3.317073170731707,2007.0,27.0
2008,NHL,BOS,BOS,Boston Bruins,116,1.4146341463414633,1,0,82.0,41.0,94.0,1.146341463414634,-0.12195121951219512,2.5853658536585367,2.707317073170732,2007.0,2.0
2008,NHL,BUF,BUF,Buffalo Sabres,91,1.1097560975609757,3,0,82.0,39.0,90.0,1.0975609756097562,0.15853658536585366,3.1097560975609757,2.951219512195122,2007.0,17.0
2008,NHL,CAL,CAL,Calgary Flames,98,1.1951219512195121,2,0,82.0,42.0,94.0,1.146341463414634,0.024390243902439025,2.792682926829268,2.768292682926829,2007.0,10.0
2008,NHL,CAR,CAR,Carolina Hurricanes,97,1.1829268292682926,2,1,82.0,43.0,92.0,1.1219512195121952,0.036585365853658534,3.073170731707317,3.0365853658536586,2007.0,11.0
2008,NHL,CBS,CBS,Columbus Blue Jackets,92,1.1219512195121952,4,0,82.0,34.0,80.0,0.975609756097561,-0.3048780487804878,2.3536585365853657,2.658536585365854,2007.0,15.0
2008,NHL,CHI,CHI,Chicago Blackhawks,104,1.2682926829268293,2,1,82.0,40.0,88.0,1.0731707317073171,0.04878048780487805,2.9146341463414633,2.8658536585365852,2007.0,6.0
2008,NHL,COL,COL,Colorado Avalanche,69,0.8414634146341463,5,0,82.0,44.0,95.0,1.1585365853658536,0.14634146341463414,2.817073170731707,2.6707317073170733,2007.0,28.0
2008,NHL,DAL,DAL,Dallas Stars,83,1.0121951219512195,3,0,82.0,45.0,97.0,1.1829268292682926,0.4268292682926829,2.951219512195122,2.524390243902439,2007.0,22.0
2008,NHL,DET,DET,Detroit Red Wings,112,1.3658536585365855,1,0,82.0,54.0,115.0,1.4024390243902438,0.8902439024390244,3.1341463414634148,2.2439024390243905,2007.0,3.0
2008,NHL,EDM,EDM,Edmonton Oilers,85,1.0365853658536586,4,0,82.0,41.0,88.0,1.0731707317073171,-0.1951219512195122,2.8658536585365852,3.0609756097560976,2007.0,21.0
2008,NHL,FLO,FLO,Florida Panthers,93,1.1341463414634145,3,0,82.0,38.0,85.0,1.0365853658536586,-0.12195121951219512,2.6341463414634148,2.7560975609756095,2007.0,13.0
2008,NHL,LAK,LAK,Los Angeles Kings,79,0.9634146341463414,5,0,82.0,32.0,71.0,0.8658536585365854,-0.4268292682926829,2.817073170731707,3.2439024390243905,2007.0,25.0
2008,NHL,MIN,MIN,Minnesota Wild,89,1.0853658536585367,3,0,82.0,44.0,98.0,1.1951219512195121,0.06097560975609756,2.7195121951219514,2.658536585365854,2007.0,19.0
2008,NHL,MTL,MTL,Montreal Canadiens,93,1.1341463414634145,2,1,82.0,47.0,104.0,1.2682926829268293,0.4878048780487805,3.1951219512195124,2.707317073170732,2007.0,13.0
2008,NHL,NAS,NAS,Nashville Predators,88,1.0731707317073171,5,0,82.0,41.0,91.0,1.1097560975609757,0.012195121951219513,2.8048780487804876,2.792682926829268,2007.0,20.0
2008,NHL,NJD,NJD,New Jersey Devils,106,1.2926829268292683,1,0,82.0,46.0,99.0,1.2073170731707317,0.10975609756097561,2.5121951219512195,2.402439024390244,2007.0,5.0
2008,NHL,NYI,NYI,New York Islanders,61,0.7439024390243902,5,0,82.0,35.0,79.0,0.9634146341463414,-0.5975609756097561,2.3658536585365852,2.9634146341463414,2007.0,30.0
2008,NHL,NYR,NYR,New York Rangers,95,1.1585365853658536,4,1,82.0,42.0,97.0,1.1829268292682926,0.17073170731707318,2.597560975609756,2.426829268292683,2007.0,12.0
2008,NHL,OTT,OTT,Ottawa Senators,83,1.0121951219512195,4,1,82.0,43.0,94.0,1.146341463414634,0.17073170731707318,3.182926829268293,3.0121951219512195,2007.0,22.0
2008,NHL,PHI,PHI,Philadelphia Flyers,99,1.2073170731707317,3,0,82.0,42.0,95.0,1.1585365853658536,0.18292682926829268,3.024390243902439,2.841463414634146,2007.0,8.0
2008,NHL,PHO,PHO,Phoenix Coyotes,79,0.9634146341463414,4,0,82.0,38.0,83.0,1.0121951219512195,-0.2073170731707317,2.6097560975609757,2.817073170731707,2007.0,25.0
2008,NHL,PIT,PIT,Pittsburgh Penguins,99,1.2073170731707317,2,1,82.0,47.0,102.0,1.2439024390243902,0.3780487804878049,3.0121951219512195,2.6341463414634148,2007.0,8.0
2008,NHL,SJS,SJS,San Jose Sharks,117,1.4268292682926829,1,0,82.0,49.0,108.0,1.3170731707317074,0.35365853658536583,2.707317073170732,2.3536585365853657,2007.0,1.0
2008,NHL,STL,STL,St. Louis Blues,92,1.1219512195121952,3,0,82.0,33.0,79.0,0.9634146341463414,-0.3902439024390244,2.5,2.8902439024390243,2007.0,15.0
2008,NHL,TBL,TBL,Tampa Bay Lightning,66,0.8048780487804879,5,1,82.0,31.0,71.0,0.8658536585365854,-0.5365853658536586,2.7195121951219514,3.2560975609756095,2007.0,29.0
2008,NHL,TOR,TOR,Toronto Maple Leafs,81,0.9878048780487805,5,0,82.0,36.0,83.0,1.0121951219512195,-0.35365853658536583,2.817073170731707,3.1707317073170733,2007.0,24.0
2008,NHL,VAN,VAN,Vancouver Canucks,100,1.2195121951219512,1,0,82.0,39.0,88.0,1.0731707317073171,-0.024390243902439025,2.597560975609756,2.6219512195121952,2007.0,7.0
2008,NHL,WAS,WAS,Washington Capitals,108,1.3170731707317074,1,0,82.0,43.0,94.0,1.146341463414634,0.13414634146341464,2.951219512195122,2.817073170731707,2007.0,4.0
2009,NHL,AND,ANA,Anaheim Ducks,89,1.0853658536585367,4,0,82.0,42.0,91.0,1.1097560975609757,0.08536585365853659,2.9878048780487805,2.902439024390244,2008.0,17.0
2009,NHL,ATL,WPG,Atlanta Thrashers,83,1.0121951219512195,2,0,82.0,35.0,76.0,0.926829268292683,-0.2804878048780488,3.1341463414634148,3.4146341463414633,2008.0,23.0
2009,NHL,BOS,BOS,Boston Bruins,91,1.1097560975609757,3,0,82.0,53.0,116.0,1.4146341463414633,0.9512195121951219,3.341463414634146,2.3902439024390243,2008.0,14.0
2009,NHL,BUF,BUF,Buffalo Sabres,100,1.2195121951219512,1,0,82.0,41.0,91.0,1.1097560975609757,0.1951219512195122,3.048780487804878,2.8536585365853657,2008.0,10.0
2009,NHL,CAL,CAL,Calgary Flames,90,1.0975609756097562,3,0,82.0,46.0,98.0,1.1951219512195121,0.07317073170731707,3.097560975609756,3.024390243902439,2008.0,15.0
2009,NHL,CAR,CAR,Carolina Hurricanes,80,0.975609756097561,3,0,82.0,45.0,97.0,1.1829268292682926,0.15853658536585366,2.9146341463414633,2.7560975609756095,2008.0,24.0
2009,NHL,CBS,CBS,Columbus Blue Jackets,79,0.9634146341463414,5,1,82.0,41.0,92.0,1.1219512195121952,-0.04878048780487805,2.7560975609756095,2.8048780487804876,2008.0,26.0
2009,NHL,CHI,CHI,Chicago Blackhawks,112,1.3658536585365855,1,0,82.0,46.0,104.0,1.2682926829268293,0.5853658536585366,3.2195121951219514,2.6341463414634148,2008.0,3.0
2009,NHL,COL,COL,Colorado Avalanche,95,1.1585365853658536,2,0,82.0,32.0,69.0,0.8414634146341463,-0.7073170731707317,2.426829268292683,3.1341463414634148,2008.0,12.0
2009,NHL,DAL,DAL,Dallas Stars,88,1.0731707317073171,5,0,82.0,36.0,83.0,1.0121951219512195,-0.32926829268292684,2.8048780487804876,3.1341463414634148,2008.0,18.0
2009,NHL,DET,DET,Detroit Red Wings,102,1.2439024390243902,2,0,82.0,51.0,112.0,1.3658536585365855,0.6219512195121951,3.597560975609756,2.975609756097561,2008.0,7.0
2009,NHL,EDM,EDM,Edmonton Oilers,62,0.7560975609756098,5,0,82.0,38.0,85.0,1.0365853658536586,-0.17073170731707318,2.8536585365853657,3.024390243902439,2008.0,30.0
2009,NHL,FLO,FLO,Florida Panthers,77,0.9390243902439024,5,0,82.0,41.0,93.0,1.1341463414634145,0.036585365853658534,2.8536585365853657,2.817073170731707,2008.0,28.0
2009,NHL,LAK,LAK,Los Angeles Kings,101,1.2317073170731707,3,0,82.0,34.0,79.0,0.9634146341463414,-0.32926829268292684,2.524390243902439,2.8536585365853657,2008.0,8.0
2009,NHL,MIN,MIN,Minnesota Wild,84,1.024390243902439,4,0,82.0,40.0,89.0,1.0853658536585367,0.23170731707317074,2.6707317073170733,2.4390243902439024,2008.0,22.0
2009,NHL,MTL,MTL,Montreal Canadiens,88,1.0731707317073171,4,0,82.0,41.0,93.0,1.1341463414634145,0.024390243902439025,3.0365853658536586,3.0121951219512195,2008.0,18.0
2009,NHL,NAS,NAS,Nashville Predators,100,1.2195121951219512,3,0,82.0,40.0,88.0,1.0731707317073171,-0.24390243902439024,2.597560975609756,2.841463414634146,2008.0,10.0
2009,NHL,NJD,NJD,New Jersey Devils,103,1.2560975609756098,1,0,82.0,51.0,106.0,1.2926829268292683,0.4268292682926829,2.975609756097561,2.548780487804878,2008.0,5.0
2009,NHL,NYI,NYI,New York Islanders,79,0.9634146341463414,5,0,82.0,26.0,61.0,0.7439024390243902,-0.9512195121951219,2.451219512195122,3.402439024390244,2008.0,26.0
2009,NHL,NYR,NYR,New York Rangers,87,1.0609756097560976,4,0,82.0,43.0,95.0,1.1585365853658536,-0.0975609756097561,2.5609756097560976,2.658536585365854,2008.0,21.0
2009,NHL,OTT,OTT,Ottawa Senators,94,1.146341463414634,2,0,82.0,36.0,83.0,1.0121951219512195,-0.24390243902439024,2.6463414634146343,2.8902439024390243,2008.0,13.0
2009,NHL,PHI,PHI,Philadelphia Flyers,88,1.0731707317073171,3,1,82.0,44.0,99.0,1.2073170731707317,0.3170731707317073,3.2195121951219514,2.902439024390244,2008.0,18.0
2009,NHL,PHO,PHO,Phoenix Coyotes,107,1.3048780487804879,2,0,82.0,36.0,79.0,0.9634146341463414,-0.5365853658536586,2.5365853658536586,3.073170731707317,2008.0,4.0
2009,NHL,PIT,PIT,Pittsburgh Penguins,101,1.2317073170731707,2,0,82.0,45.0,99.0,1.2073170731707317,0.3048780487804878,3.2195121951219514,2.9146341463414633,2008.0,8.0
2009,NHL,SJS,SJS,San Jose Sharks,113,1.3780487804878048,1,0,82.0,53.0,117.0,1.4268292682926829,0.6463414634146342,3.1341463414634148,2.4878048780487805,2008.0,2.0
2009,NHL,STL,STL,St. Louis Blues,90,1.0975609756097562,4,1,82.0,41.0,92.0,1.1219512195121952,0.0,2.841463414634146,2.841463414634146,2008.0,15.0
2009,NHL,TBL,TBL,Tampa Bay Lightning,80,0.975609756097561,4,0,82.0,24.0,66.0,0.8048780487804879,-0.8414634146341463,2.5609756097560976,3.402439024390244,2008.0,24.0
2009,NHL,TOR,TOR,Toronto Maple Leafs,74,0.9024390243902439,5,0,82.0,34.0,81.0,0.9878048780487805,-0.524390243902439,3.048780487804878,3.573170731707317,2008.0,29.0
2009,NHL,VAN,VAN,Vancouver Canucks,103,1.2560975609756098,1,0,82.0,45.0,100.0,1.2195121951219512,0.3170731707317073,3.0,2.682926829268293,2008.0,5.0
2009,NHL,WAS,WAS,Washington Capitals,121,1.475609756097561,1,0,82.0,50.0,108.0,1.3170731707317074,0.32926829268292684,3.317073170731707,2.9878048780487805,2008.0,1.0
